2026-10-01 09:56:18, Info                  DISM   API: PID=13468 TID=14316 DismApi.dll:                                            - DismInitializeInternal
2026-10-01 09:56:18, Info                  DISM   API: PID=13468 TID=14316 DismApi.dll: <----- Starting DismApi.dll session -----> - DismInitializeInternal
2026-10-01 09:56:18, Info                  DISM   API: PID=13468 TID=14316 DismApi.dll:                                            - DismInitializeInternal
2026-10-01 09:56:18, Info                  DISM   API: PID=13468 TID=14316 DismApi.dll: Host machine information: OS Version=10.0.26100, Running architecture=amd64, Number of processors=12 - DismInitializeInternal
2026-10-01 09:56:18, Info                  DISM   API: PID=13468 TID=14316 DismApi.dll: API Version 10.0.26100.8972 - DismInitializeInternal
2026-10-01 09:56:18, Info                  DISM   API: PID=13468 TID=14316 DismApi.dll: Parent process command line: powershell  -executionpolicy bypass -file Install-LanguagePack.ps1 -repository c:\LangRepo - DismInitializeInternal
2026-10-01 09:56:18, Info                  DISM   API: PID=13468 TID=14316 Input parameters: LogLevel: 2, LogFilePath: C:\WINDOWS\Logs\LanguagePackInstaller\LanguagePackInstaller-DISM.log, ScratchDirectory: (null) - DismInitializeInternal
2026-10-01 09:56:18, Info                  DISM   Initialized Panther logging at C:\WINDOWS\Logs\LanguagePackInstaller\LanguagePackInstaller-DISM.log
2026-10-01 09:56:18, Info                  DISM   API: PID=13468 TID=14316 Initialized GlobalConfig - DismInitializeInternal
2026-10-01 09:56:18, Info                  DISM   API: PID=13468 TID=14316 Initialized SessionTable - DismInitializeInternal
2026-10-01 09:56:18, Info                  DISM   API: PID=13468 TID=14316 Lookup in table by path failed for: DummyPath-2BA51B78-C7F7-4910-B99D-BB7345357CDC - CTransactionalImageTable::LookupImagePath
2026-10-01 09:56:18, Info                  DISM   API: PID=13468 TID=14316 Waiting for m_pInternalThread to start - CCommandThread::Start
2026-10-01 09:56:18, Info                  DISM   API: PID=13468 TID=8036 Enter CCommandThread::CommandThreadProcedureStub - CCommandThread::CommandThreadProcedureStub
2026-10-01 09:56:18, Info                  DISM   API: PID=13468 TID=8036 Enter CCommandThread::ExecuteLoop - CCommandThread::ExecuteLoop
2026-10-01 09:56:18, Info                  DISM   API: PID=13468 TID=14316 CommandThread StartupEvent signaled - CCommandThread::WaitForStartup
2026-10-01 09:56:18, Info                  DISM   API: PID=13468 TID=14316 m_pInternalThread started - CCommandThread::Start
2026-10-01 09:56:18, Info                  DISM   API: PID=13468 TID=14316 Created g_internalDismSession - DismInitializeInternal
2026-10-01 09:56:18, Info                  DISM   API: PID=13468 TID=14316 Input parameters: ImagePath: DISM_{53BFAE52-B167-4E2F-A258-0A37B57FF845}, WindowsDirectory: (null), SystemDrive: (null) - DismOpenSessionInternal
2026-10-01 09:56:18, Info                  DISM   API: PID=13468 TID=14316 Lookup in table by path failed for: DRIVE_C - CTransactionalImageTable::LookupImagePath
2026-10-01 09:56:18, Info                  DISM   API: PID=13468 TID=14316 Waiting for m_pInternalThread to start - CCommandThread::Start
2026-10-01 09:56:18, Info                  DISM   API: PID=13468 TID=4600 Enter CCommandThread::CommandThreadProcedureStub - CCommandThread::CommandThreadProcedureStub
2026-10-01 09:56:18, Info                  DISM   API: PID=13468 TID=4600 Enter CCommandThread::ExecuteLoop - CCommandThread::ExecuteLoop
2026-10-01 09:56:18, Info                  DISM   API: PID=13468 TID=14316 CommandThread StartupEvent signaled - CCommandThread::WaitForStartup
2026-10-01 09:56:18, Info                  DISM   API: PID=13468 TID=14316 m_pInternalThread started - CCommandThread::Start
2026-10-01 09:56:18, Info                  DISM   API: PID=13468 TID=14316 Successfully enqueued command object - CCommandThread::EnqueueCommandObject
2026-10-01 09:56:18, Info                  DISM   API: PID=13468 TID=4600 ExecuteLoop: CommandQueue signaled - CCommandThread::ExecuteLoop
2026-10-01 09:56:18, Info                  DISM   API: PID=13468 TID=4600 Successfully dequeued command object - CCommandThread::DequeueCommandObject
2026-10-01 09:56:18, Info                  DISM   PID=13468 TID=4600 Scratch directory set to 'C:\Users\ADMINT~1\AppData\Local\Temp\'. - CDISMManager::put_ScratchDir
2026-10-01 09:56:18, Info                  DISM   PID=13468 TID=4600 DismCore.dll version: 10.0.26100.8972 - CDISMManager::FinalConstruct
2026-10-01 09:56:18, Info                  DISM   Initialized Panther logging at C:\WINDOWS\Logs\LanguagePackInstaller\LanguagePackInstaller-DISM.log
2026-10-01 09:56:18, Info                  DISM   PID=13468 TID=4600 Successfully loaded the ImageSession at "C:\WINDOWS\SYSTEM32\Dism" - CDISMManager::LoadLocalImageSession
2026-10-01 09:56:18, Info                  DISM   Initialized Panther logging at C:\WINDOWS\Logs\LanguagePackInstaller\LanguagePackInstaller-DISM.log
2026-10-01 09:56:18, Info                  DISM   DISM Provider Store: PID=13468 TID=4600 Found and Initialized the DISM Logger. - CDISMProviderStore::Internal_InitializeLogger
2026-10-01 09:56:18, Info                  DISM   Initialized Panther logging at C:\WINDOWS\Logs\LanguagePackInstaller\LanguagePackInstaller-DISM.log
2026-10-01 09:56:18, Info                  DISM   DISM Manager: PID=13468 TID=4600 Successfully created the local image session and provider store. - CDISMManager::CreateLocalImageSession
2026-10-01 09:56:18, Info                  DISM   DISM FFU Provider: PID=13468 TID=4600 [C:\] is not recognized by the DISM FFU provider. - CFfuImage::Initialize
2026-10-01 09:56:18, Info                  DISM   DISM Imaging Provider: PID=13468 TID=4600 The provider FfuManager does not support CreateDismImage on C:\ - CGenericImagingManager::CreateDismImage
2026-10-01 09:56:18, Info                  DISM   DISM VHD Provider: PID=13468 TID=4600 [C:\] is not recognized by the DISM VHD provider. - CVhdImage::Initialize
2026-10-01 09:56:18, Info                  DISM   DISM Imaging Provider: PID=13468 TID=4600 The provider VHDManager does not support CreateDismImage on C:\ - CGenericImagingManager::CreateDismImage
[13468.4600] [0x8007007b] FIOReadFileIntoBuffer:(1454): The filename, directory name, or volume label syntax is incorrect.
[13468.4600] [0xc142011c] UnmarshallImageHandleFromDirectory:(641)
[13468.4600] [0xc142011c] WIMGetMountedImageHandle:(2910)
2026-10-01 09:56:18, Info                  DISM   DISM WIM Provider: PID=13468 TID=4600 [C:\] is not a WIM mount point. - CWimMountedImageInfo::Initialize
2026-10-01 09:56:18, Info                  DISM   DISM Imaging Provider: PID=13468 TID=4600 The provider WimManager does not support CreateDismImage on C:\ - CGenericImagingManager::CreateDismImage
2026-10-01 09:56:18, Info                  DISM   DISM Imaging Provider: PID=13468 TID=4600 No imaging provider supported CreateDismImage for this path - CGenericImagingManager::CreateDismImage
[13468.4600] [0x8007007b] FIOReadFileIntoBuffer:(1454): The filename, directory name, or volume label syntax is incorrect.
[13468.4600] [0xc142011c] UnmarshallImageHandleFromDirectory:(641)
[13468.4600] [0xc142011c] WIMGetMountedImageHandle:(2910)
2026-10-01 09:56:18, Info                  DISM   DISM WIM Provider: PID=13468 TID=4600 [C:\] is not a WIM mount point. - CWimMountedImageInfo::Initialize
2026-10-01 09:56:18, Info                  DISM   DISM FFU Provider: PID=13468 TID=4600 [C:\] is not recognized by the DISM FFU provider. - CFfuImage::Initialize
2026-10-01 09:56:18, Info                  DISM   DISM VHD Provider: PID=13468 TID=4600 [C:\] is not recognized by the DISM VHD provider. - CVhdImage::Initialize
2026-10-01 09:56:18, Info                  DISM   DISM Manager: PID=13468 TID=4600 physical location path: C:\ - CDISMManager::CreateImageSession
2026-10-01 09:56:18, Info                  DISM   DISM Manager: PID=13468 TID=4600 Event name for current DISM session is Global\{A6CCED66-ACD4-4F21-BA62-73D08B25B0F2} - CDISMManager::CheckSessionAndLock
2026-10-01 09:56:18, Info                  DISM   DISM Manager: PID=13468 TID=4600 Create session event 0xd68 for current DISM session and event name is Global\{A6CCED66-ACD4-4F21-BA62-73D08B25B0F2}  - CDISMManager::CheckSessionAndLock
2026-10-01 09:56:18, Info                  DISM   DISM Manager: PID=13468 TID=4600 Copying DISM from "C:\Windows\System32\Dism" - CDISMManager::CreateImageSessionFromLocation
2026-10-01 09:56:18, Info                  DISM   DISM Manager: PID=13468 TID=4600 No Sandbox was created, DISM running in-place. - CDISMManager::CreateImageSessionFromLocation
2026-10-01 09:56:18, Info                  DISM   DISM Manager: PID=13468 TID=4600 Successfully loaded the ImageSession at "C:\Windows\System32\Dism" - CDISMManager::LoadRemoteImageSession
2026-10-01 09:56:18, Info                  DISM   DISM Image Session: PID=9240 TID=8684 Instantiating the Provider Store. - CDISMImageSession::get_ProviderStore
2026-10-01 09:56:18, Info                  DISM   DISM OS Provider: PID=9240 TID=8684 Defaulting SystemPath to C:\ - CDISMOSServiceManager::Final_OnConnect
2026-10-01 09:56:18, Info                  DISM   DISM OS Provider: PID=9240 TID=8684 Defaulting Windows folder to C:\Windows - CDISMOSServiceManager::Final_OnConnect
2026-10-01 09:56:18, Info                  DISM   DISM Provider Store: PID=9240 TID=8684 Attempting to initialize the logger from the Image Session. - CDISMProviderStore::Final_OnConnect
2026-10-01 09:56:18, Info                  DISM   Initialized Panther logging at C:\WINDOWS\Logs\LanguagePackInstaller\LanguagePackInstaller-DISM.log
2026-10-01 09:56:18, Info                  DISM   DISM Provider Store: PID=9240 TID=8684 Found and Initialized the DISM Logger. - CDISMProviderStore::Internal_InitializeLogger
2026-10-01 09:56:18, Info                  DISM   Initialized Panther logging at C:\WINDOWS\Logs\LanguagePackInstaller\LanguagePackInstaller-DISM.log
2026-10-01 09:56:18, Info                  DISM   Initialized Panther logging at C:\WINDOWS\Logs\LanguagePackInstaller\LanguagePackInstaller-DISM.log
2026-10-01 09:56:18, Info                  DISM   DISM Manager: PID=13468 TID=4600 Image session successfully loaded from location: C:\Windows\System32\Dism - CDISMManager::CreateImageSession
2026-10-01 09:56:18, Info                  DISM   API: PID=13468 TID=4600 Target image information: OS Version=10.0.26100.9168, Image architecture=amd64 - CDismCore::LogImageSessionDetails
2026-10-01 09:56:18, Info                  DISM   API: PID=13468 TID=14316 Session id is: 2 - DismOpenSessionInternal
2026-10-01 09:56:18, Info                  DISM   API: PID=13468 TID=14316 Input parameters: Session: 2 - DismGetOsInfoInternal
2026-10-01 09:56:18, Info                  DISM   API: PID=13468 TID=14316 Initialized default cancel event - DismGetOsInfoInternal
2026-10-01 09:56:18, Info                  DISM   API: PID=13468 TID=14316 Successfully enqueued command object - CCommandThread::EnqueueCommandObject
2026-10-01 09:56:18, Info                  DISM   API: PID=13468 TID=4600 ExecuteLoop: CommandQueue signaled - CCommandThread::ExecuteLoop
2026-10-01 09:56:18, Info                  DISM   API: PID=13468 TID=4600 Successfully dequeued command object - CCommandThread::DequeueCommandObject
2026-10-01 09:56:18, Info                  DISM   API: PID=13468 TID=14316 Input parameters: Session: 2, IgnoreCheck: 0, PreventPending: 0, LimitAccess: 0, SingleSession: 0, AllowMsuFolder: 0, CancelEvent: 0x0000000000000928, Progress: 0x000001ECFD62806C, UserData: 0x0000000000000000 - DismAddPackageInternal
2026-10-01 09:56:18, Info                  DISM   API: PID=13468 TID=14316 PackagePath 0: C:\LangRepo\Microsoft-Windows-Client-Language-Pack_x64_de-de.cab - DismAddPackageInternal
2026-10-01 09:56:18, Info                  DISM   API: PID=13468 TID=14316 Successfully enqueued command object - CCommandThread::EnqueueCommandObject
2026-10-01 09:56:18, Info                  DISM   API: PID=13468 TID=4600 ExecuteLoop: CommandQueue signaled - CCommandThread::ExecuteLoop
2026-10-01 09:56:18, Info                  DISM   API: PID=13468 TID=4600 Successfully dequeued command object - CCommandThread::DequeueCommandObject
2026-10-01 09:56:18, Info                  DISM   DISM Package Manager: PID=9240 TID=17944 Finished initializing the CbsConUI Handler. - CCbsConUIHandler::Initialize
2026-10-01 09:56:18, Info                  DISM   DISM Package Manager: PID=9240 TID=17944 CBS is being initialized for online use. More information about CBS actions can be located at: %windir%\logs\CBS\CBS.log - CDISMPackageManager::Initialize
2026-10-01 09:56:18, Info                  DISM   DISM Package Manager: PID=9240 TID=17944 Loaded servicing stack for online use. - CDISMPackageManager::CreateCbsSession
2026-10-01 09:56:18, Info                  CSI    00000001 Shim considered [l:123]'\??\C:\WINDOWS\WinSxS\amd64_microsoft-windows-servicingstack_31bf3856ad364e35_10.0.26100.9156_none_a546383f7734e5e5\wcp.dll' : got STATUS_SUCCESS
2026-10-01 09:56:18, Info                  DISM   DISM Package Manager: PID=9240 TID=8684 Initiating Changes on Package with values: 4, 7 - CDISMPackage::Internal_ChangePackageState
2026-10-01 09:56:26, Info                  DISM   DISM Package Manager: PID=9240 TID=17944 CBS session options=0x100! - CDISMPackageManager::Internal_Finalize
2026-10-01 09:58:15, Info                  CSI    00000001 Shim considered [l:123]'\??\C:\WINDOWS\WinSxS\amd64_microsoft-windows-servicingstack_31bf3856ad364e35_10.0.26100.9156_none_a546383f7734e5e5\wcp.dll' : got STATUS_SUCCESS
2026-10-01 09:58:15, Info                  DISM   API: PID=13468 TID=14316 Input parameters: Session: 2 - DismCloseSessionInternal
2026-10-01 09:58:15, Info                  DISM   API: PID=13468 TID=14316 GetReferenceCount hr: 0x0 - CSessionTable::RemoveSession
2026-10-01 09:58:15, Info                  DISM   API: PID=13468 TID=14316 Refcount for DismSession= 2s 0 - CSessionTable::RemoveSession
2026-10-01 09:58:15, Info                  DISM   API: PID=13468 TID=14316 Successfully enqueued command object - CCommandThread::EnqueueCommandObject
2026-10-01 09:58:15, Info                  DISM   API: PID=13468 TID=4600 ExecuteLoop: CommandQueue signaled - CCommandThread::ExecuteLoop
2026-10-01 09:58:15, Info                  DISM   API: PID=13468 TID=4600 Successfully dequeued command object - CCommandThread::DequeueCommandObject
2026-10-01 09:58:15, Info                  DISM   API: PID=13468 TID=4600 ExecuteLoop: Cancel signaled - CCommandThread::ExecuteLoop
2026-10-01 09:58:15, Info                  DISM   API: PID=13468 TID=4600 Leave CCommandThread::ExecuteLoop - CCommandThread::ExecuteLoop
2026-10-01 09:58:15, Info                  DISM   DISM Package Manager: PID=9240 TID=17944 Finalizing CBS core. - CDISMPackageManager::Finalize
2026-10-01 09:58:30, Info                  DISM   DISM Manager: PID=13468 TID=4600 Closing session event handle 0xd68 - CDISMManager::CleanupImageSessionEntry
2026-10-01 09:58:30, Info                  DISM   API: PID=13468 TID=4600 Leave CCommandThread::CommandThreadProcedureStub - CCommandThread::CommandThreadProcedureStub
2026-10-01 09:58:30, Info                  DISM   API: PID=13468 TID=14316 GetReferenceCount hr: 0x0 - CSessionTable::RemoveSession
2026-10-01 09:58:30, Info                  DISM   API: PID=13468 TID=14316 Refcount for DismSession= 1s 0 - CSessionTable::RemoveSession
2026-10-01 09:58:30, Info                  DISM   API: PID=13468 TID=14316 Successfully enqueued command object - CCommandThread::EnqueueCommandObject
2026-10-01 09:58:30, Info                  DISM   API: PID=13468 TID=8036 ExecuteLoop: CommandQueue signaled - CCommandThread::ExecuteLoop
2026-10-01 09:58:30, Info                  DISM   API: PID=13468 TID=8036 Successfully dequeued command object - CCommandThread::DequeueCommandObject
2026-10-01 09:58:30, Info                  DISM   API: PID=13468 TID=8036 ExecuteLoop: Cancel signaled - CCommandThread::ExecuteLoop
2026-10-01 09:58:30, Info                  DISM   API: PID=13468 TID=8036 Leave CCommandThread::ExecuteLoop - CCommandThread::ExecuteLoop
2026-10-01 09:58:30, Info                  DISM   API: PID=13468 TID=8036 Leave CCommandThread::CommandThreadProcedureStub - CCommandThread::CommandThreadProcedureStub
2026-10-01 09:58:30, Info                  DISM   API: PID=13468 TID=14316 Deleted g_internalDismSession - DismShutdownInternal
2026-10-01 09:58:30, Info                  DISM   API: PID=13468 TID=14316 Shutdown SessionTable - DismShutdownInternal
2026-10-01 09:58:30, Info                  DISM   API: PID=13468 TID=14316 DismApi.dll:                                          - DismShutdownInternal
2026-10-01 09:58:30, Info                  DISM   API: PID=13468 TID=14316 DismApi.dll: <----- Ending DismApi.dll session -----> - DismShutdownInternal
2026-10-01 09:58:30, Info                  DISM   API: PID=13468 TID=14316 DismApi.dll:                                          - DismShutdownInternal
2026-10-01 09:58:31, Info                  DISM   API: PID=13468 TID=14316 DismApi.dll:                                            - DismInitializeInternal
2026-10-01 09:58:31, Info                  DISM   API: PID=13468 TID=14316 DismApi.dll: <----- Starting DismApi.dll session -----> - DismInitializeInternal
2026-10-01 09:58:31, Info                  DISM   API: PID=13468 TID=14316 DismApi.dll:                                            - DismInitializeInternal
2026-10-01 09:58:31, Info                  DISM   API: PID=13468 TID=14316 DismApi.dll: Host machine information: OS Version=10.0.26100, Running architecture=amd64, Number of processors=12 - DismInitializeInternal
2026-10-01 09:58:31, Info                  DISM   API: PID=13468 TID=14316 DismApi.dll: API Version 10.0.26100.8972 - DismInitializeInternal
2026-10-01 09:58:31, Info                  DISM   API: PID=13468 TID=14316 DismApi.dll: Parent process command line: powershell  -executionpolicy bypass -file Install-LanguagePack.ps1 -repository c:\LangRepo - DismInitializeInternal
2026-10-01 09:58:31, Info                  DISM   API: PID=13468 TID=14316 Input parameters: LogLevel: 2, LogFilePath: C:\WINDOWS\Logs\LanguagePackInstaller\LanguagePackInstaller-DISM.log, ScratchDirectory: (null) - DismInitializeInternal
2026-10-01 09:58:31, Info                  DISM   Initialized Panther logging at C:\WINDOWS\Logs\LanguagePackInstaller\LanguagePackInstaller-DISM.log
2026-10-01 09:58:31, Info                  DISM   API: PID=13468 TID=14316 Initialized GlobalConfig - DismInitializeInternal
2026-10-01 09:58:31, Info                  DISM   API: PID=13468 TID=14316 Initialized SessionTable - DismInitializeInternal
2026-10-01 09:58:31, Info                  DISM   API: PID=13468 TID=14316 Lookup in table by path failed for: DummyPath-2BA51B78-C7F7-4910-B99D-BB7345357CDC - CTransactionalImageTable::LookupImagePath
2026-10-01 09:58:31, Info                  DISM   API: PID=13468 TID=14316 Waiting for m_pInternalThread to start - CCommandThread::Start
2026-10-01 09:58:31, Info                  DISM   API: PID=13468 TID=8712 Enter CCommandThread::CommandThreadProcedureStub - CCommandThread::CommandThreadProcedureStub
2026-10-01 09:58:31, Info                  DISM   API: PID=13468 TID=8712 Enter CCommandThread::ExecuteLoop - CCommandThread::ExecuteLoop
2026-10-01 09:58:31, Info                  DISM   API: PID=13468 TID=14316 CommandThread StartupEvent signaled - CCommandThread::WaitForStartup
2026-10-01 09:58:31, Info                  DISM   API: PID=13468 TID=14316 m_pInternalThread started - CCommandThread::Start
2026-10-01 09:58:31, Info                  DISM   API: PID=13468 TID=14316 Created g_internalDismSession - DismInitializeInternal
2026-10-01 09:58:31, Info                  DISM   API: PID=13468 TID=14316 Input parameters: ImagePath: DISM_{53BFAE52-B167-4E2F-A258-0A37B57FF845}, WindowsDirectory: (null), SystemDrive: (null) - DismOpenSessionInternal
2026-10-01 09:58:31, Info                  DISM   API: PID=13468 TID=14316 Lookup in table by path failed for: DRIVE_C - CTransactionalImageTable::LookupImagePath
2026-10-01 09:58:31, Info                  DISM   API: PID=13468 TID=14316 Waiting for m_pInternalThread to start - CCommandThread::Start
2026-10-01 09:58:31, Info                  DISM   API: PID=13468 TID=15736 Enter CCommandThread::CommandThreadProcedureStub - CCommandThread::CommandThreadProcedureStub
2026-10-01 09:58:31, Info                  DISM   API: PID=13468 TID=15736 Enter CCommandThread::ExecuteLoop - CCommandThread::ExecuteLoop
2026-10-01 09:58:31, Info                  DISM   API: PID=13468 TID=14316 CommandThread StartupEvent signaled - CCommandThread::WaitForStartup
2026-10-01 09:58:31, Info                  DISM   API: PID=13468 TID=14316 m_pInternalThread started - CCommandThread::Start
2026-10-01 09:58:31, Info                  DISM   API: PID=13468 TID=14316 Successfully enqueued command object - CCommandThread::EnqueueCommandObject
2026-10-01 09:58:31, Info                  DISM   API: PID=13468 TID=15736 ExecuteLoop: CommandQueue signaled - CCommandThread::ExecuteLoop
2026-10-01 09:58:31, Info                  DISM   API: PID=13468 TID=15736 Successfully dequeued command object - CCommandThread::DequeueCommandObject
2026-10-01 09:58:31, Info                  DISM   PID=13468 TID=15736 Scratch directory set to 'C:\Users\ADMINT~1\AppData\Local\Temp\'. - CDISMManager::put_ScratchDir
2026-10-01 09:58:31, Info                  DISM   PID=13468 TID=15736 DismCore.dll version: 10.0.26100.8972 - CDISMManager::FinalConstruct
2026-10-01 09:58:31, Info                  DISM   Initialized Panther logging at C:\WINDOWS\Logs\LanguagePackInstaller\LanguagePackInstaller-DISM.log
2026-10-01 09:58:31, Info                  DISM   PID=13468 TID=15736 Successfully loaded the ImageSession at "C:\WINDOWS\SYSTEM32\Dism" - CDISMManager::LoadLocalImageSession
2026-10-01 09:58:31, Info                  DISM   Initialized Panther logging at C:\WINDOWS\Logs\LanguagePackInstaller\LanguagePackInstaller-DISM.log
2026-10-01 09:58:31, Info                  DISM   DISM Provider Store: PID=13468 TID=15736 Found and Initialized the DISM Logger. - CDISMProviderStore::Internal_InitializeLogger
2026-10-01 09:58:31, Info                  DISM   Initialized Panther logging at C:\WINDOWS\Logs\LanguagePackInstaller\LanguagePackInstaller-DISM.log
2026-10-01 09:58:31, Info                  DISM   DISM Manager: PID=13468 TID=15736 Successfully created the local image session and provider store. - CDISMManager::CreateLocalImageSession
2026-10-01 09:58:31, Info                  DISM   DISM FFU Provider: PID=13468 TID=15736 [C:\] is not recognized by the DISM FFU provider. - CFfuImage::Initialize
2026-10-01 09:58:31, Info                  DISM   DISM Imaging Provider: PID=13468 TID=15736 The provider FfuManager does not support CreateDismImage on C:\ - CGenericImagingManager::CreateDismImage
2026-10-01 09:58:31, Info                  DISM   DISM VHD Provider: PID=13468 TID=15736 [C:\] is not recognized by the DISM VHD provider. - CVhdImage::Initialize
2026-10-01 09:58:31, Info                  DISM   DISM Imaging Provider: PID=13468 TID=15736 The provider VHDManager does not support CreateDismImage on C:\ - CGenericImagingManager::CreateDismImage
[13468.15736] [0x8007007b] FIOReadFileIntoBuffer:(1454): The filename, directory name, or volume label syntax is incorrect.
[13468.15736] [0xc142011c] UnmarshallImageHandleFromDirectory:(641)
[13468.15736] [0xc142011c] WIMGetMountedImageHandle:(2910)
2026-10-01 09:58:31, Info                  DISM   DISM WIM Provider: PID=13468 TID=15736 [C:\] is not a WIM mount point. - CWimMountedImageInfo::Initialize
2026-10-01 09:58:31, Info                  DISM   DISM Imaging Provider: PID=13468 TID=15736 The provider WimManager does not support CreateDismImage on C:\ - CGenericImagingManager::CreateDismImage
2026-10-01 09:58:31, Info                  DISM   DISM Imaging Provider: PID=13468 TID=15736 No imaging provider supported CreateDismImage for this path - CGenericImagingManager::CreateDismImage
[13468.15736] [0x8007007b] FIOReadFileIntoBuffer:(1454): The filename, directory name, or volume label syntax is incorrect.
[13468.15736] [0xc142011c] UnmarshallImageHandleFromDirectory:(641)
[13468.15736] [0xc142011c] WIMGetMountedImageHandle:(2910)
2026-10-01 09:58:31, Info                  DISM   DISM WIM Provider: PID=13468 TID=15736 [C:\] is not a WIM mount point. - CWimMountedImageInfo::Initialize
2026-10-01 09:58:31, Info                  DISM   DISM FFU Provider: PID=13468 TID=15736 [C:\] is not recognized by the DISM FFU provider. - CFfuImage::Initialize
2026-10-01 09:58:31, Info                  DISM   DISM VHD Provider: PID=13468 TID=15736 [C:\] is not recognized by the DISM VHD provider. - CVhdImage::Initialize
2026-10-01 09:58:31, Info                  DISM   DISM Manager: PID=13468 TID=15736 physical location path: C:\ - CDISMManager::CreateImageSession
2026-10-01 09:58:31, Info                  DISM   DISM Manager: PID=13468 TID=15736 Event name for current DISM session is Global\{B98302C6-E5C1-48B6-BEE6-A93EBC3FF61C} - CDISMManager::CheckSessionAndLock
2026-10-01 09:58:31, Info                  DISM   DISM Manager: PID=13468 TID=15736 Create session event 0x814 for current DISM session and event name is Global\{B98302C6-E5C1-48B6-BEE6-A93EBC3FF61C}  - CDISMManager::CheckSessionAndLock
2026-10-01 09:58:31, Info                  DISM   DISM Manager: PID=13468 TID=15736 Copying DISM from "C:\Windows\System32\Dism" - CDISMManager::CreateImageSessionFromLocation
2026-10-01 09:58:31, Info                  DISM   DISM Manager: PID=13468 TID=15736 No Sandbox was created, DISM running in-place. - CDISMManager::CreateImageSessionFromLocation
2026-10-01 09:58:31, Info                  DISM   DISM Manager: PID=13468 TID=15736 Successfully loaded the ImageSession at "C:\Windows\System32\Dism" - CDISMManager::LoadRemoteImageSession
2026-10-01 09:58:31, Info                  DISM   DISM Image Session: PID=19308 TID=14940 Instantiating the Provider Store. - CDISMImageSession::get_ProviderStore
2026-10-01 09:58:31, Info                  DISM   DISM OS Provider: PID=19308 TID=14940 Defaulting SystemPath to C:\ - CDISMOSServiceManager::Final_OnConnect
2026-10-01 09:58:31, Info                  DISM   DISM OS Provider: PID=19308 TID=14940 Defaulting Windows folder to C:\Windows - CDISMOSServiceManager::Final_OnConnect
2026-10-01 09:58:31, Info                  DISM   DISM Provider Store: PID=19308 TID=14940 Attempting to initialize the logger from the Image Session. - CDISMProviderStore::Final_OnConnect
2026-10-01 09:58:31, Info                  DISM   Initialized Panther logging at C:\WINDOWS\Logs\LanguagePackInstaller\LanguagePackInstaller-DISM.log
2026-10-01 09:58:31, Info                  DISM   DISM Provider Store: PID=19308 TID=14940 Found and Initialized the DISM Logger. - CDISMProviderStore::Internal_InitializeLogger
2026-10-01 09:58:31, Info                  DISM   Initialized Panther logging at C:\WINDOWS\Logs\LanguagePackInstaller\LanguagePackInstaller-DISM.log
2026-10-01 09:58:31, Info                  DISM   Initialized Panther logging at C:\WINDOWS\Logs\LanguagePackInstaller\LanguagePackInstaller-DISM.log
2026-10-01 09:58:31, Info                  DISM   DISM Manager: PID=13468 TID=15736 Image session successfully loaded from location: C:\Windows\System32\Dism - CDISMManager::CreateImageSession
2026-10-01 09:58:31, Info                  DISM   API: PID=13468 TID=15736 Target image information: OS Version=10.0.26100.9168, Image architecture=amd64 - CDismCore::LogImageSessionDetails
2026-10-01 09:58:31, Info                  DISM   API: PID=13468 TID=14316 Session id is: 2 - DismOpenSessionInternal
2026-10-01 09:58:31, Info                  DISM   API: PID=13468 TID=14316 Input parameters: Session: 2 - DismGetOsInfoInternal
2026-10-01 09:58:31, Info                  DISM   API: PID=13468 TID=14316 Initialized default cancel event - DismGetOsInfoInternal
2026-10-01 09:58:31, Info                  DISM   API: PID=13468 TID=14316 Successfully enqueued command object - CCommandThread::EnqueueCommandObject
2026-10-01 09:58:31, Info                  DISM   API: PID=13468 TID=15736 ExecuteLoop: CommandQueue signaled - CCommandThread::ExecuteLoop
2026-10-01 09:58:31, Info                  DISM   API: PID=13468 TID=15736 Successfully dequeued command object - CCommandThread::DequeueCommandObject
2026-10-01 09:58:31, Info                  DISM   API: PID=13468 TID=14316 Input parameters: Session: 2, Feature: Language.Basic~~~de-DE~0.0.1.0, LimitAccess: 1, CancelEvent: 0x0000000000000D64, Progress: 0x000001ECFD62815C, UserData: 0x0000000000000000 - DismAddCapabilityInternal
2026-10-01 09:58:31, Info                  DISM   API: PID=13468 TID=14316 Source path 0: c:\LangRepo - DismAddCapabilityInternal
2026-10-01 09:58:31, Info                  DISM   API: PID=13468 TID=14316 Successfully enqueued command object - CCommandThread::EnqueueCommandObject
2026-10-01 09:58:31, Info                  DISM   API: PID=13468 TID=15736 ExecuteLoop: CommandQueue signaled - CCommandThread::ExecuteLoop
2026-10-01 09:58:31, Info                  DISM   API: PID=13468 TID=15736 Successfully dequeued command object - CCommandThread::DequeueCommandObject
2026-10-01 09:58:31, Info                  DISM   DISM Package Manager: PID=19308 TID=14580 Finished initializing the CbsConUI Handler. - CCbsConUIHandler::Initialize
2026-10-01 09:58:31, Info                  DISM   DISM Package Manager: PID=19308 TID=14580 CBS is being initialized for online use. More information about CBS actions can be located at: %windir%\logs\CBS\CBS.log - CDISMPackageManager::Initialize
2026-10-01 09:58:31, Info                  DISM   DISM Package Manager: PID=19308 TID=14580 Loaded servicing stack for online use. - CDISMPackageManager::CreateCbsSession
2026-10-01 09:58:31, Info                  CSI    00000001 Shim considered [l:123]'\??\C:\WINDOWS\WinSxS\amd64_microsoft-windows-servicingstack_31bf3856ad364e35_10.0.26100.9156_none_a546383f7734e5e5\wcp.dll' : got STATUS_SUCCESS
2026-10-01 09:58:33, Info                  DISM   DISM Package Manager: PID=19308 TID=14940 CBS session options=0x20100! - CDISMPackageManager::Internal_Finalize
2026-10-01 09:58:45, Info                  CSI    00000001 Shim considered [l:123]'\??\C:\WINDOWS\WinSxS\amd64_microsoft-windows-servicingstack_31bf3856ad364e35_10.0.26100.9156_none_a546383f7734e5e5\wcp.dll' : got STATUS_SUCCESS
2026-10-01 09:58:46, Info                  DISM   API: PID=13468 TID=14316 Input parameters: Session: 2 - DismCloseSessionInternal
2026-10-01 09:58:46, Info                  DISM   API: PID=13468 TID=14316 GetReferenceCount hr: 0x0 - CSessionTable::RemoveSession
2026-10-01 09:58:46, Info                  DISM   API: PID=13468 TID=14316 Refcount for DismSession= 2s 0 - CSessionTable::RemoveSession
2026-10-01 09:58:46, Info                  DISM   API: PID=13468 TID=14316 Successfully enqueued command object - CCommandThread::EnqueueCommandObject
2026-10-01 09:58:46, Info                  DISM   API: PID=13468 TID=15736 ExecuteLoop: CommandQueue signaled - CCommandThread::ExecuteLoop
2026-10-01 09:58:46, Info                  DISM   API: PID=13468 TID=15736 Successfully dequeued command object - CCommandThread::DequeueCommandObject
2026-10-01 09:58:46, Info                  DISM   API: PID=13468 TID=15736 ExecuteLoop: Cancel signaled - CCommandThread::ExecuteLoop
2026-10-01 09:58:46, Info                  DISM   API: PID=13468 TID=15736 Leave CCommandThread::ExecuteLoop - CCommandThread::ExecuteLoop
2026-10-01 09:58:46, Info                  DISM   DISM Package Manager: PID=19308 TID=14940 Finalizing CBS core. - CDISMPackageManager::Finalize
2026-10-01 09:58:46, Info                  DISM   DISM Manager: PID=13468 TID=15736 Closing session event handle 0x814 - CDISMManager::CleanupImageSessionEntry
2026-10-01 09:58:46, Info                  DISM   API: PID=13468 TID=15736 Leave CCommandThread::CommandThreadProcedureStub - CCommandThread::CommandThreadProcedureStub
2026-10-01 09:58:46, Info                  DISM   API: PID=13468 TID=14316 GetReferenceCount hr: 0x0 - CSessionTable::RemoveSession
2026-10-01 09:58:46, Info                  DISM   API: PID=13468 TID=14316 Refcount for DismSession= 1s 0 - CSessionTable::RemoveSession
2026-10-01 09:58:46, Info                  DISM   API: PID=13468 TID=14316 Successfully enqueued command object - CCommandThread::EnqueueCommandObject
2026-10-01 09:58:46, Info                  DISM   API: PID=13468 TID=8712 ExecuteLoop: CommandQueue signaled - CCommandThread::ExecuteLoop
2026-10-01 09:58:46, Info                  DISM   API: PID=13468 TID=8712 Successfully dequeued command object - CCommandThread::DequeueCommandObject
2026-10-01 09:58:46, Info                  DISM   API: PID=13468 TID=8712 ExecuteLoop: Cancel signaled - CCommandThread::ExecuteLoop
2026-10-01 09:58:46, Info                  DISM   API: PID=13468 TID=8712 Leave CCommandThread::ExecuteLoop - CCommandThread::ExecuteLoop
2026-10-01 09:58:46, Info                  DISM   API: PID=13468 TID=8712 Leave CCommandThread::CommandThreadProcedureStub - CCommandThread::CommandThreadProcedureStub
2026-10-01 09:58:46, Info                  DISM   API: PID=13468 TID=14316 Deleted g_internalDismSession - DismShutdownInternal
2026-10-01 09:58:46, Info                  DISM   API: PID=13468 TID=14316 Shutdown SessionTable - DismShutdownInternal
2026-10-01 09:58:46, Info                  DISM   API: PID=13468 TID=14316 DismApi.dll:                                          - DismShutdownInternal
2026-10-01 09:58:46, Info                  DISM   API: PID=13468 TID=14316 DismApi.dll: <----- Ending DismApi.dll session -----> - DismShutdownInternal
2026-10-01 09:58:46, Info                  DISM   API: PID=13468 TID=14316 DismApi.dll:                                          - DismShutdownInternal
2026-10-01 09:58:46, Info                  DISM   API: PID=13468 TID=14316 DismApi.dll:                                            - DismInitializeInternal
2026-10-01 09:58:46, Info                  DISM   API: PID=13468 TID=14316 DismApi.dll: <----- Starting DismApi.dll session -----> - DismInitializeInternal
2026-10-01 09:58:46, Info                  DISM   API: PID=13468 TID=14316 DismApi.dll:                                            - DismInitializeInternal
2026-10-01 09:58:46, Info                  DISM   API: PID=13468 TID=14316 DismApi.dll: Host machine information: OS Version=10.0.26100, Running architecture=amd64, Number of processors=12 - DismInitializeInternal
2026-10-01 09:58:46, Info                  DISM   API: PID=13468 TID=14316 DismApi.dll: API Version 10.0.26100.8972 - DismInitializeInternal
2026-10-01 09:58:46, Info                  DISM   API: PID=13468 TID=14316 DismApi.dll: Parent process command line: powershell  -executionpolicy bypass -file Install-LanguagePack.ps1 -repository c:\LangRepo - DismInitializeInternal
2026-10-01 09:58:46, Info                  DISM   API: PID=13468 TID=14316 Input parameters: LogLevel: 2, LogFilePath: C:\WINDOWS\Logs\LanguagePackInstaller\LanguagePackInstaller-DISM.log, ScratchDirectory: (null) - DismInitializeInternal
2026-10-01 09:58:46, Info                  DISM   Initialized Panther logging at C:\WINDOWS\Logs\LanguagePackInstaller\LanguagePackInstaller-DISM.log
2026-10-01 09:58:46, Info                  DISM   API: PID=13468 TID=14316 Initialized GlobalConfig - DismInitializeInternal
2026-10-01 09:58:46, Info                  DISM   API: PID=13468 TID=14316 Initialized SessionTable - DismInitializeInternal
2026-10-01 09:58:46, Info                  DISM   API: PID=13468 TID=14316 Lookup in table by path failed for: DummyPath-2BA51B78-C7F7-4910-B99D-BB7345357CDC - CTransactionalImageTable::LookupImagePath
2026-10-01 09:58:46, Info                  DISM   API: PID=13468 TID=14316 Waiting for m_pInternalThread to start - CCommandThread::Start
2026-10-01 09:58:46, Info                  DISM   API: PID=13468 TID=2736 Enter CCommandThread::CommandThreadProcedureStub - CCommandThread::CommandThreadProcedureStub
2026-10-01 09:58:46, Info                  DISM   API: PID=13468 TID=2736 Enter CCommandThread::ExecuteLoop - CCommandThread::ExecuteLoop
2026-10-01 09:58:46, Info                  DISM   API: PID=13468 TID=14316 CommandThread StartupEvent signaled - CCommandThread::WaitForStartup
2026-10-01 09:58:46, Info                  DISM   API: PID=13468 TID=14316 m_pInternalThread started - CCommandThread::Start
2026-10-01 09:58:46, Info                  DISM   API: PID=13468 TID=14316 Created g_internalDismSession - DismInitializeInternal
2026-10-01 09:58:46, Info                  DISM   API: PID=13468 TID=14316 Input parameters: ImagePath: DISM_{53BFAE52-B167-4E2F-A258-0A37B57FF845}, WindowsDirectory: (null), SystemDrive: (null) - DismOpenSessionInternal
2026-10-01 09:58:46, Info                  DISM   API: PID=13468 TID=14316 Lookup in table by path failed for: DRIVE_C - CTransactionalImageTable::LookupImagePath
2026-10-01 09:58:46, Info                  DISM   API: PID=13468 TID=14316 Waiting for m_pInternalThread to start - CCommandThread::Start
2026-10-01 09:58:46, Info                  DISM   API: PID=13468 TID=16204 Enter CCommandThread::CommandThreadProcedureStub - CCommandThread::CommandThreadProcedureStub
2026-10-01 09:58:46, Info                  DISM   API: PID=13468 TID=16204 Enter CCommandThread::ExecuteLoop - CCommandThread::ExecuteLoop
2026-10-01 09:58:46, Info                  DISM   API: PID=13468 TID=14316 CommandThread StartupEvent signaled - CCommandThread::WaitForStartup
2026-10-01 09:58:46, Info                  DISM   API: PID=13468 TID=14316 m_pInternalThread started - CCommandThread::Start
2026-10-01 09:58:46, Info                  DISM   API: PID=13468 TID=14316 Successfully enqueued command object - CCommandThread::EnqueueCommandObject
2026-10-01 09:58:46, Info                  DISM   API: PID=13468 TID=16204 ExecuteLoop: CommandQueue signaled - CCommandThread::ExecuteLoop
2026-10-01 09:58:46, Info                  DISM   API: PID=13468 TID=16204 Successfully dequeued command object - CCommandThread::DequeueCommandObject
2026-10-01 09:58:46, Info                  DISM   PID=13468 TID=16204 Scratch directory set to 'C:\Users\ADMINT~1\AppData\Local\Temp\'. - CDISMManager::put_ScratchDir
2026-10-01 09:58:46, Info                  DISM   PID=13468 TID=16204 DismCore.dll version: 10.0.26100.8972 - CDISMManager::FinalConstruct
2026-10-01 09:58:46, Info                  DISM   Initialized Panther logging at C:\WINDOWS\Logs\LanguagePackInstaller\LanguagePackInstaller-DISM.log
2026-10-01 09:58:46, Info                  DISM   PID=13468 TID=16204 Successfully loaded the ImageSession at "C:\WINDOWS\SYSTEM32\Dism" - CDISMManager::LoadLocalImageSession
2026-10-01 09:58:46, Info                  DISM   Initialized Panther logging at C:\WINDOWS\Logs\LanguagePackInstaller\LanguagePackInstaller-DISM.log
2026-10-01 09:58:46, Info                  DISM   DISM Provider Store: PID=13468 TID=16204 Found and Initialized the DISM Logger. - CDISMProviderStore::Internal_InitializeLogger
2026-10-01 09:58:46, Info                  DISM   Initialized Panther logging at C:\WINDOWS\Logs\LanguagePackInstaller\LanguagePackInstaller-DISM.log
2026-10-01 09:58:46, Info                  DISM   DISM Manager: PID=13468 TID=16204 Successfully created the local image session and provider store. - CDISMManager::CreateLocalImageSession
2026-10-01 09:58:46, Info                  DISM   DISM FFU Provider: PID=13468 TID=16204 [C:\] is not recognized by the DISM FFU provider. - CFfuImage::Initialize
2026-10-01 09:58:46, Info                  DISM   DISM Imaging Provider: PID=13468 TID=16204 The provider FfuManager does not support CreateDismImage on C:\ - CGenericImagingManager::CreateDismImage
2026-10-01 09:58:46, Info                  DISM   DISM VHD Provider: PID=13468 TID=16204 [C:\] is not recognized by the DISM VHD provider. - CVhdImage::Initialize
2026-10-01 09:58:46, Info                  DISM   DISM Imaging Provider: PID=13468 TID=16204 The provider VHDManager does not support CreateDismImage on C:\ - CGenericImagingManager::CreateDismImage
[13468.16204] [0x8007007b] FIOReadFileIntoBuffer:(1454): The filename, directory name, or volume label syntax is incorrect.
[13468.16204] [0xc142011c] UnmarshallImageHandleFromDirectory:(641)
[13468.16204] [0xc142011c] WIMGetMountedImageHandle:(2910)
2026-10-01 09:58:46, Info                  DISM   DISM WIM Provider: PID=13468 TID=16204 [C:\] is not a WIM mount point. - CWimMountedImageInfo::Initialize
2026-10-01 09:58:46, Info                  DISM   DISM Imaging Provider: PID=13468 TID=16204 The provider WimManager does not support CreateDismImage on C:\ - CGenericImagingManager::CreateDismImage
2026-10-01 09:58:46, Info                  DISM   DISM Imaging Provider: PID=13468 TID=16204 No imaging provider supported CreateDismImage for this path - CGenericImagingManager::CreateDismImage
[13468.16204] [0x8007007b] FIOReadFileIntoBuffer:(1454): The filename, directory name, or volume label syntax is incorrect.
[13468.16204] [0xc142011c] UnmarshallImageHandleFromDirectory:(641)
[13468.16204] [0xc142011c] WIMGetMountedImageHandle:(2910)
2026-10-01 09:58:46, Info                  DISM   DISM WIM Provider: PID=13468 TID=16204 [C:\] is not a WIM mount point. - CWimMountedImageInfo::Initialize
2026-10-01 09:58:46, Info                  DISM   DISM FFU Provider: PID=13468 TID=16204 [C:\] is not recognized by the DISM FFU provider. - CFfuImage::Initialize
2026-10-01 09:58:46, Info                  DISM   DISM VHD Provider: PID=13468 TID=16204 [C:\] is not recognized by the DISM VHD provider. - CVhdImage::Initialize
2026-10-01 09:58:46, Info                  DISM   DISM Manager: PID=13468 TID=16204 physical location path: C:\ - CDISMManager::CreateImageSession
2026-10-01 09:58:46, Info                  DISM   DISM Manager: PID=13468 TID=16204 Event name for current DISM session is Global\{570E8337-F04A-4D03-859C-15660E02D0EF} - CDISMManager::CheckSessionAndLock
2026-10-01 09:58:46, Info                  DISM   DISM Manager: PID=13468 TID=16204 Create session event 0xb88 for current DISM session and event name is Global\{570E8337-F04A-4D03-859C-15660E02D0EF}  - CDISMManager::CheckSessionAndLock
2026-10-01 09:58:46, Info                  DISM   DISM Manager: PID=13468 TID=16204 Copying DISM from "C:\Windows\System32\Dism" - CDISMManager::CreateImageSessionFromLocation
2026-10-01 09:58:46, Info                  DISM   DISM Manager: PID=13468 TID=16204 No Sandbox was created, DISM running in-place. - CDISMManager::CreateImageSessionFromLocation
2026-10-01 09:58:46, Info                  DISM   DISM Manager: PID=13468 TID=16204 Successfully loaded the ImageSession at "C:\Windows\System32\Dism" - CDISMManager::LoadRemoteImageSession
2026-10-01 09:58:46, Info                  DISM   DISM Image Session: PID=9628 TID=18876 Instantiating the Provider Store. - CDISMImageSession::get_ProviderStore
2026-10-01 09:58:46, Info                  DISM   DISM OS Provider: PID=9628 TID=18876 Defaulting SystemPath to C:\ - CDISMOSServiceManager::Final_OnConnect
2026-10-01 09:58:46, Info                  DISM   DISM OS Provider: PID=9628 TID=18876 Defaulting Windows folder to C:\Windows - CDISMOSServiceManager::Final_OnConnect
2026-10-01 09:58:46, Info                  DISM   DISM Provider Store: PID=9628 TID=18876 Attempting to initialize the logger from the Image Session. - CDISMProviderStore::Final_OnConnect
2026-10-01 09:58:46, Info                  DISM   Initialized Panther logging at C:\WINDOWS\Logs\LanguagePackInstaller\LanguagePackInstaller-DISM.log
2026-10-01 09:58:46, Info                  DISM   DISM Provider Store: PID=9628 TID=18876 Found and Initialized the DISM Logger. - CDISMProviderStore::Internal_InitializeLogger
2026-10-01 09:58:46, Info                  DISM   Initialized Panther logging at C:\WINDOWS\Logs\LanguagePackInstaller\LanguagePackInstaller-DISM.log
2026-10-01 09:58:46, Info                  DISM   Initialized Panther logging at C:\WINDOWS\Logs\LanguagePackInstaller\LanguagePackInstaller-DISM.log
2026-10-01 09:58:46, Info                  DISM   DISM Manager: PID=13468 TID=16204 Image session successfully loaded from location: C:\Windows\System32\Dism - CDISMManager::CreateImageSession
2026-10-01 09:58:46, Info                  DISM   API: PID=13468 TID=16204 Target image information: OS Version=10.0.26100.9168, Image architecture=amd64 - CDismCore::LogImageSessionDetails
2026-10-01 09:58:46, Info                  DISM   API: PID=13468 TID=14316 Session id is: 2 - DismOpenSessionInternal
2026-10-01 09:58:46, Info                  DISM   API: PID=13468 TID=14316 Input parameters: Session: 2 - DismGetOsInfoInternal
2026-10-01 09:58:46, Info                  DISM   API: PID=13468 TID=14316 Initialized default cancel event - DismGetOsInfoInternal
2026-10-01 09:58:46, Info                  DISM   API: PID=13468 TID=14316 Successfully enqueued command object - CCommandThread::EnqueueCommandObject
2026-10-01 09:58:46, Info                  DISM   API: PID=13468 TID=16204 ExecuteLoop: CommandQueue signaled - CCommandThread::ExecuteLoop
2026-10-01 09:58:46, Info                  DISM   API: PID=13468 TID=16204 Successfully dequeued command object - CCommandThread::DequeueCommandObject
2026-10-01 09:58:46, Info                  DISM   API: PID=13468 TID=14316 Input parameters: Session: 2, Feature: Language.OCR~~~de-DE~0.0.1.0, LimitAccess: 1, CancelEvent: 0x00000000000005EC, Progress: 0x000001ECFD6286AC, UserData: 0x0000000000000000 - DismAddCapabilityInternal
2026-10-01 09:58:46, Info                  DISM   API: PID=13468 TID=14316 Source path 0: c:\LangRepo - DismAddCapabilityInternal
2026-10-01 09:58:46, Info                  DISM   API: PID=13468 TID=14316 Successfully enqueued command object - CCommandThread::EnqueueCommandObject
2026-10-01 09:58:46, Info                  DISM   API: PID=13468 TID=16204 ExecuteLoop: CommandQueue signaled - CCommandThread::ExecuteLoop
2026-10-01 09:58:46, Info                  DISM   API: PID=13468 TID=16204 Successfully dequeued command object - CCommandThread::DequeueCommandObject
2026-10-01 09:58:46, Info                  DISM   DISM Package Manager: PID=9628 TID=18212 Finished initializing the CbsConUI Handler. - CCbsConUIHandler::Initialize
2026-10-01 09:58:46, Info                  DISM   DISM Package Manager: PID=9628 TID=18212 CBS is being initialized for online use. More information about CBS actions can be located at: %windir%\logs\CBS\CBS.log - CDISMPackageManager::Initialize
2026-10-01 09:58:46, Info                  DISM   DISM Package Manager: PID=9628 TID=18212 Loaded servicing stack for online use. - CDISMPackageManager::CreateCbsSession
2026-10-01 09:58:46, Info                  CSI    00000001 Shim considered [l:123]'\??\C:\WINDOWS\WinSxS\amd64_microsoft-windows-servicingstack_31bf3856ad364e35_10.0.26100.9156_none_a546383f7734e5e5\wcp.dll' : got STATUS_SUCCESS
2026-10-01 09:58:48, Info                  DISM   DISM Package Manager: PID=9628 TID=18212 CBS session options=0x20100! - CDISMPackageManager::Internal_Finalize
2026-10-01 09:59:01, Info                  CSI    00000001 Shim considered [l:123]'\??\C:\WINDOWS\WinSxS\amd64_microsoft-windows-servicingstack_31bf3856ad364e35_10.0.26100.9156_none_a546383f7734e5e5\wcp.dll' : got STATUS_SUCCESS
2026-10-01 09:59:01, Info                  DISM   API: PID=13468 TID=14316 Input parameters: Session: 2 - DismCloseSessionInternal
2026-10-01 09:59:01, Info                  DISM   API: PID=13468 TID=14316 GetReferenceCount hr: 0x0 - CSessionTable::RemoveSession
2026-10-01 09:59:01, Info                  DISM   API: PID=13468 TID=14316 Refcount for DismSession= 2s 0 - CSessionTable::RemoveSession
2026-10-01 09:59:01, Info                  DISM   API: PID=13468 TID=14316 Successfully enqueued command object - CCommandThread::EnqueueCommandObject
2026-10-01 09:59:01, Info                  DISM   API: PID=13468 TID=16204 ExecuteLoop: CommandQueue signaled - CCommandThread::ExecuteLoop
2026-10-01 09:59:01, Info                  DISM   API: PID=13468 TID=16204 Successfully dequeued command object - CCommandThread::DequeueCommandObject
2026-10-01 09:59:01, Info                  DISM   API: PID=13468 TID=16204 ExecuteLoop: Cancel signaled - CCommandThread::ExecuteLoop
2026-10-01 09:59:01, Info                  DISM   API: PID=13468 TID=16204 Leave CCommandThread::ExecuteLoop - CCommandThread::ExecuteLoop
2026-10-01 09:59:01, Info                  DISM   DISM Package Manager: PID=9628 TID=18212 Finalizing CBS core. - CDISMPackageManager::Finalize
2026-10-01 09:59:01, Info                  DISM   DISM Manager: PID=13468 TID=16204 Closing session event handle 0xb88 - CDISMManager::CleanupImageSessionEntry
2026-10-01 09:59:01, Info                  DISM   API: PID=13468 TID=16204 Leave CCommandThread::CommandThreadProcedureStub - CCommandThread::CommandThreadProcedureStub
2026-10-01 09:59:01, Info                  DISM   API: PID=13468 TID=14316 GetReferenceCount hr: 0x0 - CSessionTable::RemoveSession
2026-10-01 09:59:01, Info                  DISM   API: PID=13468 TID=14316 Refcount for DismSession= 1s 0 - CSessionTable::RemoveSession
2026-10-01 09:59:01, Info                  DISM   API: PID=13468 TID=14316 Successfully enqueued command object - CCommandThread::EnqueueCommandObject
2026-10-01 09:59:01, Info                  DISM   API: PID=13468 TID=2736 ExecuteLoop: CommandQueue signaled - CCommandThread::ExecuteLoop
2026-10-01 09:59:01, Info                  DISM   API: PID=13468 TID=2736 Successfully dequeued command object - CCommandThread::DequeueCommandObject
2026-10-01 09:59:01, Info                  DISM   API: PID=13468 TID=2736 ExecuteLoop: Cancel signaled - CCommandThread::ExecuteLoop
2026-10-01 09:59:01, Info                  DISM   API: PID=13468 TID=2736 Leave CCommandThread::ExecuteLoop - CCommandThread::ExecuteLoop
2026-10-01 09:59:01, Info                  DISM   API: PID=13468 TID=2736 Leave CCommandThread::CommandThreadProcedureStub - CCommandThread::CommandThreadProcedureStub
2026-10-01 09:59:01, Info                  DISM   API: PID=13468 TID=14316 Deleted g_internalDismSession - DismShutdownInternal
2026-10-01 09:59:01, Info                  DISM   API: PID=13468 TID=14316 Shutdown SessionTable - DismShutdownInternal
2026-10-01 09:59:01, Info                  DISM   API: PID=13468 TID=14316 DismApi.dll:                                          - DismShutdownInternal
2026-10-01 09:59:01, Info                  DISM   API: PID=13468 TID=14316 DismApi.dll: <----- Ending DismApi.dll session -----> - DismShutdownInternal
2026-10-01 09:59:01, Info                  DISM   API: PID=13468 TID=14316 DismApi.dll:                                          - DismShutdownInternal
2026-10-01 09:59:01, Info                  DISM   API: PID=13468 TID=14316 DismApi.dll:                                            - DismInitializeInternal
2026-10-01 09:59:01, Info                  DISM   API: PID=13468 TID=14316 DismApi.dll: <----- Starting DismApi.dll session -----> - DismInitializeInternal
2026-10-01 09:59:01, Info                  DISM   API: PID=13468 TID=14316 DismApi.dll:                                            - DismInitializeInternal
2026-10-01 09:59:01, Info                  DISM   API: PID=13468 TID=14316 DismApi.dll: Host machine information: OS Version=10.0.26100, Running architecture=amd64, Number of processors=12 - DismInitializeInternal
2026-10-01 09:59:01, Info                  DISM   API: PID=13468 TID=14316 DismApi.dll: API Version 10.0.26100.8972 - DismInitializeInternal
2026-10-01 09:59:01, Info                  DISM   API: PID=13468 TID=14316 DismApi.dll: Parent process command line: powershell  -executionpolicy bypass -file Install-LanguagePack.ps1 -repository c:\LangRepo - DismInitializeInternal
2026-10-01 09:59:01, Info                  DISM   API: PID=13468 TID=14316 Input parameters: LogLevel: 2, LogFilePath: C:\WINDOWS\Logs\LanguagePackInstaller\LanguagePackInstaller-DISM.log, ScratchDirectory: (null) - DismInitializeInternal
2026-10-01 09:59:01, Info                  DISM   Initialized Panther logging at C:\WINDOWS\Logs\LanguagePackInstaller\LanguagePackInstaller-DISM.log
2026-10-01 09:59:01, Info                  DISM   API: PID=13468 TID=14316 Initialized GlobalConfig - DismInitializeInternal
2026-10-01 09:59:01, Info                  DISM   API: PID=13468 TID=14316 Initialized SessionTable - DismInitializeInternal
2026-10-01 09:59:01, Info                  DISM   API: PID=13468 TID=14316 Lookup in table by path failed for: DummyPath-2BA51B78-C7F7-4910-B99D-BB7345357CDC - CTransactionalImageTable::LookupImagePath
2026-10-01 09:59:01, Info                  DISM   API: PID=13468 TID=14316 Waiting for m_pInternalThread to start - CCommandThread::Start
2026-10-01 09:59:01, Info                  DISM   API: PID=13468 TID=16232 Enter CCommandThread::CommandThreadProcedureStub - CCommandThread::CommandThreadProcedureStub
2026-10-01 09:59:01, Info                  DISM   API: PID=13468 TID=16232 Enter CCommandThread::ExecuteLoop - CCommandThread::ExecuteLoop
2026-10-01 09:59:01, Info                  DISM   API: PID=13468 TID=14316 CommandThread StartupEvent signaled - CCommandThread::WaitForStartup
2026-10-01 09:59:01, Info                  DISM   API: PID=13468 TID=14316 m_pInternalThread started - CCommandThread::Start
2026-10-01 09:59:01, Info                  DISM   API: PID=13468 TID=14316 Created g_internalDismSession - DismInitializeInternal
2026-10-01 09:59:01, Info                  DISM   API: PID=13468 TID=14316 Input parameters: ImagePath: DISM_{53BFAE52-B167-4E2F-A258-0A37B57FF845}, WindowsDirectory: (null), SystemDrive: (null) - DismOpenSessionInternal
2026-10-01 09:59:01, Info                  DISM   API: PID=13468 TID=14316 Lookup in table by path failed for: DRIVE_C - CTransactionalImageTable::LookupImagePath
2026-10-01 09:59:01, Info                  DISM   API: PID=13468 TID=14316 Waiting for m_pInternalThread to start - CCommandThread::Start
2026-10-01 09:59:01, Info                  DISM   API: PID=13468 TID=11344 Enter CCommandThread::CommandThreadProcedureStub - CCommandThread::CommandThreadProcedureStub
2026-10-01 09:59:01, Info                  DISM   API: PID=13468 TID=11344 Enter CCommandThread::ExecuteLoop - CCommandThread::ExecuteLoop
2026-10-01 09:59:01, Info                  DISM   API: PID=13468 TID=14316 CommandThread StartupEvent signaled - CCommandThread::WaitForStartup
2026-10-01 09:59:01, Info                  DISM   API: PID=13468 TID=14316 m_pInternalThread started - CCommandThread::Start
2026-10-01 09:59:01, Info                  DISM   API: PID=13468 TID=14316 Successfully enqueued command object - CCommandThread::EnqueueCommandObject
2026-10-01 09:59:01, Info                  DISM   API: PID=13468 TID=11344 ExecuteLoop: CommandQueue signaled - CCommandThread::ExecuteLoop
2026-10-01 09:59:01, Info                  DISM   API: PID=13468 TID=11344 Successfully dequeued command object - CCommandThread::DequeueCommandObject
2026-10-01 09:59:01, Info                  DISM   PID=13468 TID=11344 Scratch directory set to 'C:\Users\ADMINT~1\AppData\Local\Temp\'. - CDISMManager::put_ScratchDir
2026-10-01 09:59:01, Info                  DISM   PID=13468 TID=11344 DismCore.dll version: 10.0.26100.8972 - CDISMManager::FinalConstruct
2026-10-01 09:59:01, Info                  DISM   Initialized Panther logging at C:\WINDOWS\Logs\LanguagePackInstaller\LanguagePackInstaller-DISM.log
2026-10-01 09:59:01, Info                  DISM   PID=13468 TID=11344 Successfully loaded the ImageSession at "C:\WINDOWS\SYSTEM32\Dism" - CDISMManager::LoadLocalImageSession
2026-10-01 09:59:01, Info                  DISM   Initialized Panther logging at C:\WINDOWS\Logs\LanguagePackInstaller\LanguagePackInstaller-DISM.log
2026-10-01 09:59:01, Info                  DISM   DISM Provider Store: PID=13468 TID=11344 Found and Initialized the DISM Logger. - CDISMProviderStore::Internal_InitializeLogger
2026-10-01 09:59:01, Info                  DISM   Initialized Panther logging at C:\WINDOWS\Logs\LanguagePackInstaller\LanguagePackInstaller-DISM.log
2026-10-01 09:59:01, Info                  DISM   DISM Manager: PID=13468 TID=11344 Successfully created the local image session and provider store. - CDISMManager::CreateLocalImageSession
2026-10-01 09:59:01, Info                  DISM   DISM FFU Provider: PID=13468 TID=11344 [C:\] is not recognized by the DISM FFU provider. - CFfuImage::Initialize
2026-10-01 09:59:01, Info                  DISM   DISM Imaging Provider: PID=13468 TID=11344 The provider FfuManager does not support CreateDismImage on C:\ - CGenericImagingManager::CreateDismImage
2026-10-01 09:59:01, Info                  DISM   DISM VHD Provider: PID=13468 TID=11344 [C:\] is not recognized by the DISM VHD provider. - CVhdImage::Initialize
2026-10-01 09:59:01, Info                  DISM   DISM Imaging Provider: PID=13468 TID=11344 The provider VHDManager does not support CreateDismImage on C:\ - CGenericImagingManager::CreateDismImage
[13468.11344] [0x8007007b] FIOReadFileIntoBuffer:(1454): The filename, directory name, or volume label syntax is incorrect.
[13468.11344] [0xc142011c] UnmarshallImageHandleFromDirectory:(641)
[13468.11344] [0xc142011c] WIMGetMountedImageHandle:(2910)
2026-10-01 09:59:01, Info                  DISM   DISM WIM Provider: PID=13468 TID=11344 [C:\] is not a WIM mount point. - CWimMountedImageInfo::Initialize
2026-10-01 09:59:01, Info                  DISM   DISM Imaging Provider: PID=13468 TID=11344 The provider WimManager does not support CreateDismImage on C:\ - CGenericImagingManager::CreateDismImage
2026-10-01 09:59:01, Info                  DISM   DISM Imaging Provider: PID=13468 TID=11344 No imaging provider supported CreateDismImage for this path - CGenericImagingManager::CreateDismImage
[13468.11344] [0x8007007b] FIOReadFileIntoBuffer:(1454): The filename, directory name, or volume label syntax is incorrect.
[13468.11344] [0xc142011c] UnmarshallImageHandleFromDirectory:(641)
[13468.11344] [0xc142011c] WIMGetMountedImageHandle:(2910)
2026-10-01 09:59:01, Info                  DISM   DISM WIM Provider: PID=13468 TID=11344 [C:\] is not a WIM mount point. - CWimMountedImageInfo::Initialize
2026-10-01 09:59:01, Info                  DISM   DISM FFU Provider: PID=13468 TID=11344 [C:\] is not recognized by the DISM FFU provider. - CFfuImage::Initialize
2026-10-01 09:59:01, Info                  DISM   DISM VHD Provider: PID=13468 TID=11344 [C:\] is not recognized by the DISM VHD provider. - CVhdImage::Initialize
2026-10-01 09:59:01, Info                  DISM   DISM Manager: PID=13468 TID=11344 physical location path: C:\ - CDISMManager::CreateImageSession
2026-10-01 09:59:01, Info                  DISM   DISM Manager: PID=13468 TID=11344 Event name for current DISM session is Global\{461D94EA-5A73-4F02-B15C-5B8CDD149AF3} - CDISMManager::CheckSessionAndLock
2026-10-01 09:59:01, Info                  DISM   DISM Manager: PID=13468 TID=11344 Create session event 0xd38 for current DISM session and event name is Global\{461D94EA-5A73-4F02-B15C-5B8CDD149AF3}  - CDISMManager::CheckSessionAndLock
2026-10-01 09:59:01, Info                  DISM   DISM Manager: PID=13468 TID=11344 Copying DISM from "C:\Windows\System32\Dism" - CDISMManager::CreateImageSessionFromLocation
2026-10-01 09:59:01, Info                  DISM   DISM Manager: PID=13468 TID=11344 No Sandbox was created, DISM running in-place. - CDISMManager::CreateImageSessionFromLocation
2026-10-01 09:59:02, Info                  DISM   DISM Manager: PID=13468 TID=11344 Successfully loaded the ImageSession at "C:\Windows\System32\Dism" - CDISMManager::LoadRemoteImageSession
2026-10-01 09:59:02, Info                  DISM   DISM Image Session: PID=12816 TID=18716 Instantiating the Provider Store. - CDISMImageSession::get_ProviderStore
2026-10-01 09:59:02, Info                  DISM   DISM OS Provider: PID=12816 TID=18716 Defaulting SystemPath to C:\ - CDISMOSServiceManager::Final_OnConnect
2026-10-01 09:59:02, Info                  DISM   DISM OS Provider: PID=12816 TID=18716 Defaulting Windows folder to C:\Windows - CDISMOSServiceManager::Final_OnConnect
2026-10-01 09:59:02, Info                  DISM   DISM Provider Store: PID=12816 TID=18716 Attempting to initialize the logger from the Image Session. - CDISMProviderStore::Final_OnConnect
2026-10-01 09:59:02, Info                  DISM   Initialized Panther logging at C:\WINDOWS\Logs\LanguagePackInstaller\LanguagePackInstaller-DISM.log
2026-10-01 09:59:02, Info                  DISM   DISM Provider Store: PID=12816 TID=18716 Found and Initialized the DISM Logger. - CDISMProviderStore::Internal_InitializeLogger
2026-10-01 09:59:02, Info                  DISM   Initialized Panther logging at C:\WINDOWS\Logs\LanguagePackInstaller\LanguagePackInstaller-DISM.log
2026-10-01 09:59:02, Info                  DISM   Initialized Panther logging at C:\WINDOWS\Logs\LanguagePackInstaller\LanguagePackInstaller-DISM.log
2026-10-01 09:59:02, Info                  DISM   DISM Manager: PID=13468 TID=11344 Image session successfully loaded from location: C:\Windows\System32\Dism - CDISMManager::CreateImageSession
2026-10-01 09:59:02, Info                  DISM   API: PID=13468 TID=11344 Target image information: OS Version=10.0.26100.9168, Image architecture=amd64 - CDismCore::LogImageSessionDetails
2026-10-01 09:59:02, Info                  DISM   API: PID=13468 TID=14316 Session id is: 2 - DismOpenSessionInternal
2026-10-01 09:59:02, Info                  DISM   API: PID=13468 TID=14316 Input parameters: Session: 2 - DismGetOsInfoInternal
2026-10-01 09:59:02, Info                  DISM   API: PID=13468 TID=14316 Initialized default cancel event - DismGetOsInfoInternal
2026-10-01 09:59:02, Info                  DISM   API: PID=13468 TID=14316 Successfully enqueued command object - CCommandThread::EnqueueCommandObject
2026-10-01 09:59:02, Info                  DISM   API: PID=13468 TID=11344 ExecuteLoop: CommandQueue signaled - CCommandThread::ExecuteLoop
2026-10-01 09:59:02, Info                  DISM   API: PID=13468 TID=11344 Successfully dequeued command object - CCommandThread::DequeueCommandObject
2026-10-01 09:59:02, Info                  DISM   API: PID=13468 TID=14316 Input parameters: Session: 2, Feature: Language.Handwriting~~~de-DE~0.0.1.0, LimitAccess: 1, CancelEvent: 0x00000000000005F4, Progress: 0x000001ECFD6281FC, UserData: 0x0000000000000000 - DismAddCapabilityInternal
2026-10-01 09:59:02, Info                  DISM   API: PID=13468 TID=14316 Source path 0: c:\LangRepo - DismAddCapabilityInternal
2026-10-01 09:59:02, Info                  DISM   API: PID=13468 TID=14316 Successfully enqueued command object - CCommandThread::EnqueueCommandObject
2026-10-01 09:59:02, Info                  DISM   API: PID=13468 TID=11344 ExecuteLoop: CommandQueue signaled - CCommandThread::ExecuteLoop
2026-10-01 09:59:02, Info                  DISM   API: PID=13468 TID=11344 Successfully dequeued command object - CCommandThread::DequeueCommandObject
2026-10-01 09:59:02, Info                  DISM   DISM Package Manager: PID=12816 TID=18556 Finished initializing the CbsConUI Handler. - CCbsConUIHandler::Initialize
2026-10-01 09:59:02, Info                  DISM   DISM Package Manager: PID=12816 TID=18556 CBS is being initialized for online use. More information about CBS actions can be located at: %windir%\logs\CBS\CBS.log - CDISMPackageManager::Initialize
2026-10-01 09:59:02, Info                  DISM   DISM Package Manager: PID=12816 TID=18556 Loaded servicing stack for online use. - CDISMPackageManager::CreateCbsSession
2026-10-01 09:59:02, Info                  CSI    00000001 Shim considered [l:123]'\??\C:\WINDOWS\WinSxS\amd64_microsoft-windows-servicingstack_31bf3856ad364e35_10.0.26100.9156_none_a546383f7734e5e5\wcp.dll' : got STATUS_SUCCESS
2026-10-01 09:59:03, Info                  DISM   DISM Package Manager: PID=12816 TID=10048 CBS session options=0x20100! - CDISMPackageManager::Internal_Finalize
2026-10-01 09:59:16, Info                  CSI    00000001 Shim considered [l:123]'\??\C:\WINDOWS\WinSxS\amd64_microsoft-windows-servicingstack_31bf3856ad364e35_10.0.26100.9156_none_a546383f7734e5e5\wcp.dll' : got STATUS_SUCCESS
2026-10-01 09:59:16, Info                  DISM   API: PID=13468 TID=14316 Input parameters: Session: 2 - DismCloseSessionInternal
2026-10-01 09:59:16, Info                  DISM   API: PID=13468 TID=14316 GetReferenceCount hr: 0x0 - CSessionTable::RemoveSession
2026-10-01 09:59:16, Info                  DISM   API: PID=13468 TID=14316 Refcount for DismSession= 2s 0 - CSessionTable::RemoveSession
2026-10-01 09:59:16, Info                  DISM   API: PID=13468 TID=14316 Successfully enqueued command object - CCommandThread::EnqueueCommandObject
2026-10-01 09:59:16, Info                  DISM   API: PID=13468 TID=11344 ExecuteLoop: CommandQueue signaled - CCommandThread::ExecuteLoop
2026-10-01 09:59:16, Info                  DISM   API: PID=13468 TID=11344 Successfully dequeued command object - CCommandThread::DequeueCommandObject
2026-10-01 09:59:16, Info                  DISM   API: PID=13468 TID=11344 ExecuteLoop: Cancel signaled - CCommandThread::ExecuteLoop
2026-10-01 09:59:16, Info                  DISM   API: PID=13468 TID=11344 Leave CCommandThread::ExecuteLoop - CCommandThread::ExecuteLoop
2026-10-01 09:59:16, Info                  DISM   DISM Package Manager: PID=12816 TID=10048 Finalizing CBS core. - CDISMPackageManager::Finalize
2026-10-01 09:59:16, Info                  DISM   DISM Manager: PID=13468 TID=11344 Closing session event handle 0xd38 - CDISMManager::CleanupImageSessionEntry
2026-10-01 09:59:16, Info                  DISM   API: PID=13468 TID=11344 Leave CCommandThread::CommandThreadProcedureStub - CCommandThread::CommandThreadProcedureStub
2026-10-01 09:59:16, Info                  DISM   API: PID=13468 TID=14316 GetReferenceCount hr: 0x0 - CSessionTable::RemoveSession
2026-10-01 09:59:16, Info                  DISM   API: PID=13468 TID=14316 Refcount for DismSession= 1s 0 - CSessionTable::RemoveSession
2026-10-01 09:59:16, Info                  DISM   API: PID=13468 TID=14316 Successfully enqueued command object - CCommandThread::EnqueueCommandObject
2026-10-01 09:59:16, Info                  DISM   API: PID=13468 TID=16232 ExecuteLoop: CommandQueue signaled - CCommandThread::ExecuteLoop
2026-10-01 09:59:16, Info                  DISM   API: PID=13468 TID=16232 Successfully dequeued command object - CCommandThread::DequeueCommandObject
2026-10-01 09:59:16, Info                  DISM   API: PID=13468 TID=16232 ExecuteLoop: Cancel signaled - CCommandThread::ExecuteLoop
2026-10-01 09:59:16, Info                  DISM   API: PID=13468 TID=16232 Leave CCommandThread::ExecuteLoop - CCommandThread::ExecuteLoop
2026-10-01 09:59:16, Info                  DISM   API: PID=13468 TID=16232 Leave CCommandThread::CommandThreadProcedureStub - CCommandThread::CommandThreadProcedureStub
2026-10-01 09:59:16, Info                  DISM   API: PID=13468 TID=14316 Deleted g_internalDismSession - DismShutdownInternal
2026-10-01 09:59:16, Info                  DISM   API: PID=13468 TID=14316 Shutdown SessionTable - DismShutdownInternal
2026-10-01 09:59:16, Info                  DISM   API: PID=13468 TID=14316 DismApi.dll:                                          - DismShutdownInternal
2026-10-01 09:59:16, Info                  DISM   API: PID=13468 TID=14316 DismApi.dll: <----- Ending DismApi.dll session -----> - DismShutdownInternal
2026-10-01 09:59:16, Info                  DISM   API: PID=13468 TID=14316 DismApi.dll:                                          - DismShutdownInternal
2026-10-01 09:59:17, Info                  DISM   API: PID=13468 TID=14316 DismApi.dll:                                            - DismInitializeInternal
2026-10-01 09:59:17, Info                  DISM   API: PID=13468 TID=14316 DismApi.dll: <----- Starting DismApi.dll session -----> - DismInitializeInternal
2026-10-01 09:59:17, Info                  DISM   API: PID=13468 TID=14316 DismApi.dll:                                            - DismInitializeInternal
2026-10-01 09:59:17, Info                  DISM   API: PID=13468 TID=14316 DismApi.dll: Host machine information: OS Version=10.0.26100, Running architecture=amd64, Number of processors=12 - DismInitializeInternal
2026-10-01 09:59:17, Info                  DISM   API: PID=13468 TID=14316 DismApi.dll: API Version 10.0.26100.8972 - DismInitializeInternal
2026-10-01 09:59:17, Info                  DISM   API: PID=13468 TID=14316 DismApi.dll: Parent process command line: powershell  -executionpolicy bypass -file Install-LanguagePack.ps1 -repository c:\LangRepo - DismInitializeInternal
2026-10-01 09:59:17, Info                  DISM   API: PID=13468 TID=14316 Input parameters: LogLevel: 2, LogFilePath: C:\WINDOWS\Logs\LanguagePackInstaller\LanguagePackInstaller-DISM.log, ScratchDirectory: (null) - DismInitializeInternal
2026-10-01 09:59:17, Info                  DISM   Initialized Panther logging at C:\WINDOWS\Logs\LanguagePackInstaller\LanguagePackInstaller-DISM.log
2026-10-01 09:59:17, Info                  DISM   API: PID=13468 TID=14316 Initialized GlobalConfig - DismInitializeInternal
2026-10-01 09:59:17, Info                  DISM   API: PID=13468 TID=14316 Initialized SessionTable - DismInitializeInternal
2026-10-01 09:59:17, Info                  DISM   API: PID=13468 TID=14316 Lookup in table by path failed for: DummyPath-2BA51B78-C7F7-4910-B99D-BB7345357CDC - CTransactionalImageTable::LookupImagePath
2026-10-01 09:59:17, Info                  DISM   API: PID=13468 TID=14316 Waiting for m_pInternalThread to start - CCommandThread::Start
2026-10-01 09:59:17, Info                  DISM   API: PID=13468 TID=17296 Enter CCommandThread::CommandThreadProcedureStub - CCommandThread::CommandThreadProcedureStub
2026-10-01 09:59:17, Info                  DISM   API: PID=13468 TID=17296 Enter CCommandThread::ExecuteLoop - CCommandThread::ExecuteLoop
2026-10-01 09:59:17, Info                  DISM   API: PID=13468 TID=14316 CommandThread StartupEvent signaled - CCommandThread::WaitForStartup
2026-10-01 09:59:17, Info                  DISM   API: PID=13468 TID=14316 m_pInternalThread started - CCommandThread::Start
2026-10-01 09:59:17, Info                  DISM   API: PID=13468 TID=14316 Created g_internalDismSession - DismInitializeInternal
2026-10-01 09:59:17, Info                  DISM   API: PID=13468 TID=14316 Input parameters: ImagePath: DISM_{53BFAE52-B167-4E2F-A258-0A37B57FF845}, WindowsDirectory: (null), SystemDrive: (null) - DismOpenSessionInternal
2026-10-01 09:59:17, Info                  DISM   API: PID=13468 TID=14316 Lookup in table by path failed for: DRIVE_C - CTransactionalImageTable::LookupImagePath
2026-10-01 09:59:17, Info                  DISM   API: PID=13468 TID=14316 Waiting for m_pInternalThread to start - CCommandThread::Start
2026-10-01 09:59:17, Info                  DISM   API: PID=13468 TID=17104 Enter CCommandThread::CommandThreadProcedureStub - CCommandThread::CommandThreadProcedureStub
2026-10-01 09:59:17, Info                  DISM   API: PID=13468 TID=17104 Enter CCommandThread::ExecuteLoop - CCommandThread::ExecuteLoop
2026-10-01 09:59:17, Info                  DISM   API: PID=13468 TID=14316 CommandThread StartupEvent signaled - CCommandThread::WaitForStartup
2026-10-01 09:59:17, Info                  DISM   API: PID=13468 TID=14316 m_pInternalThread started - CCommandThread::Start
2026-10-01 09:59:17, Info                  DISM   API: PID=13468 TID=14316 Successfully enqueued command object - CCommandThread::EnqueueCommandObject
2026-10-01 09:59:17, Info                  DISM   API: PID=13468 TID=17104 ExecuteLoop: CommandQueue signaled - CCommandThread::ExecuteLoop
2026-10-01 09:59:17, Info                  DISM   API: PID=13468 TID=17104 Successfully dequeued command object - CCommandThread::DequeueCommandObject
2026-10-01 09:59:17, Info                  DISM   PID=13468 TID=17104 Scratch directory set to 'C:\Users\ADMINT~1\AppData\Local\Temp\'. - CDISMManager::put_ScratchDir
2026-10-01 09:59:17, Info                  DISM   PID=13468 TID=17104 DismCore.dll version: 10.0.26100.8972 - CDISMManager::FinalConstruct
2026-10-01 09:59:17, Info                  DISM   Initialized Panther logging at C:\WINDOWS\Logs\LanguagePackInstaller\LanguagePackInstaller-DISM.log
2026-10-01 09:59:17, Info                  DISM   PID=13468 TID=17104 Successfully loaded the ImageSession at "C:\WINDOWS\SYSTEM32\Dism" - CDISMManager::LoadLocalImageSession
2026-10-01 09:59:17, Info                  DISM   Initialized Panther logging at C:\WINDOWS\Logs\LanguagePackInstaller\LanguagePackInstaller-DISM.log
2026-10-01 09:59:17, Info                  DISM   DISM Provider Store: PID=13468 TID=17104 Found and Initialized the DISM Logger. - CDISMProviderStore::Internal_InitializeLogger
2026-10-01 09:59:17, Info                  DISM   Initialized Panther logging at C:\WINDOWS\Logs\LanguagePackInstaller\LanguagePackInstaller-DISM.log
2026-10-01 09:59:17, Info                  DISM   DISM Manager: PID=13468 TID=17104 Successfully created the local image session and provider store. - CDISMManager::CreateLocalImageSession
2026-10-01 09:59:17, Info                  DISM   DISM FFU Provider: PID=13468 TID=17104 [C:\] is not recognized by the DISM FFU provider. - CFfuImage::Initialize
2026-10-01 09:59:17, Info                  DISM   DISM Imaging Provider: PID=13468 TID=17104 The provider FfuManager does not support CreateDismImage on C:\ - CGenericImagingManager::CreateDismImage
2026-10-01 09:59:17, Info                  DISM   DISM VHD Provider: PID=13468 TID=17104 [C:\] is not recognized by the DISM VHD provider. - CVhdImage::Initialize
2026-10-01 09:59:17, Info                  DISM   DISM Imaging Provider: PID=13468 TID=17104 The provider VHDManager does not support CreateDismImage on C:\ - CGenericImagingManager::CreateDismImage
[13468.17104] [0x8007007b] FIOReadFileIntoBuffer:(1454): The filename, directory name, or volume label syntax is incorrect.
[13468.17104] [0xc142011c] UnmarshallImageHandleFromDirectory:(641)
[13468.17104] [0xc142011c] WIMGetMountedImageHandle:(2910)
2026-10-01 09:59:17, Info                  DISM   DISM WIM Provider: PID=13468 TID=17104 [C:\] is not a WIM mount point. - CWimMountedImageInfo::Initialize
2026-10-01 09:59:17, Info                  DISM   DISM Imaging Provider: PID=13468 TID=17104 The provider WimManager does not support CreateDismImage on C:\ - CGenericImagingManager::CreateDismImage
2026-10-01 09:59:17, Info                  DISM   DISM Imaging Provider: PID=13468 TID=17104 No imaging provider supported CreateDismImage for this path - CGenericImagingManager::CreateDismImage
[13468.17104] [0x8007007b] FIOReadFileIntoBuffer:(1454): The filename, directory name, or volume label syntax is incorrect.
[13468.17104] [0xc142011c] UnmarshallImageHandleFromDirectory:(641)
[13468.17104] [0xc142011c] WIMGetMountedImageHandle:(2910)
2026-10-01 09:59:17, Info                  DISM   DISM WIM Provider: PID=13468 TID=17104 [C:\] is not a WIM mount point. - CWimMountedImageInfo::Initialize
2026-10-01 09:59:17, Info                  DISM   DISM FFU Provider: PID=13468 TID=17104 [C:\] is not recognized by the DISM FFU provider. - CFfuImage::Initialize
2026-10-01 09:59:17, Info                  DISM   DISM VHD Provider: PID=13468 TID=17104 [C:\] is not recognized by the DISM VHD provider. - CVhdImage::Initialize
2026-10-01 09:59:17, Info                  DISM   DISM Manager: PID=13468 TID=17104 physical location path: C:\ - CDISMManager::CreateImageSession
2026-10-01 09:59:17, Info                  DISM   DISM Manager: PID=13468 TID=17104 Event name for current DISM session is Global\{06A5B134-76A2-4170-B82F-079C5F902CAC} - CDISMManager::CheckSessionAndLock
2026-10-01 09:59:17, Info                  DISM   DISM Manager: PID=13468 TID=17104 Create session event 0xddc for current DISM session and event name is Global\{06A5B134-76A2-4170-B82F-079C5F902CAC}  - CDISMManager::CheckSessionAndLock
2026-10-01 09:59:17, Info                  DISM   DISM Manager: PID=13468 TID=17104 Copying DISM from "C:\Windows\System32\Dism" - CDISMManager::CreateImageSessionFromLocation
2026-10-01 09:59:17, Info                  DISM   DISM Manager: PID=13468 TID=17104 No Sandbox was created, DISM running in-place. - CDISMManager::CreateImageSessionFromLocation
2026-10-01 09:59:17, Info                  DISM   DISM Manager: PID=13468 TID=17104 Successfully loaded the ImageSession at "C:\Windows\System32\Dism" - CDISMManager::LoadRemoteImageSession
2026-10-01 09:59:17, Info                  DISM   DISM Image Session: PID=6708 TID=15392 Instantiating the Provider Store. - CDISMImageSession::get_ProviderStore
2026-10-01 09:59:17, Info                  DISM   DISM OS Provider: PID=6708 TID=15392 Defaulting SystemPath to C:\ - CDISMOSServiceManager::Final_OnConnect
2026-10-01 09:59:17, Info                  DISM   DISM OS Provider: PID=6708 TID=15392 Defaulting Windows folder to C:\Windows - CDISMOSServiceManager::Final_OnConnect
2026-10-01 09:59:17, Info                  DISM   DISM Provider Store: PID=6708 TID=15392 Attempting to initialize the logger from the Image Session. - CDISMProviderStore::Final_OnConnect
2026-10-01 09:59:17, Info                  DISM   Initialized Panther logging at C:\WINDOWS\Logs\LanguagePackInstaller\LanguagePackInstaller-DISM.log
2026-10-01 09:59:17, Info                  DISM   DISM Provider Store: PID=6708 TID=15392 Found and Initialized the DISM Logger. - CDISMProviderStore::Internal_InitializeLogger
2026-10-01 09:59:17, Info                  DISM   Initialized Panther logging at C:\WINDOWS\Logs\LanguagePackInstaller\LanguagePackInstaller-DISM.log
2026-10-01 09:59:17, Info                  DISM   Initialized Panther logging at C:\WINDOWS\Logs\LanguagePackInstaller\LanguagePackInstaller-DISM.log
2026-10-01 09:59:17, Info                  DISM   DISM Manager: PID=13468 TID=17104 Image session successfully loaded from location: C:\Windows\System32\Dism - CDISMManager::CreateImageSession
2026-10-01 09:59:17, Info                  DISM   API: PID=13468 TID=17104 Target image information: OS Version=10.0.26100.9168, Image architecture=amd64 - CDismCore::LogImageSessionDetails
2026-10-01 09:59:17, Info                  DISM   API: PID=13468 TID=14316 Session id is: 2 - DismOpenSessionInternal
2026-10-01 09:59:17, Info                  DISM   API: PID=13468 TID=14316 Input parameters: Session: 2 - DismGetOsInfoInternal
2026-10-01 09:59:17, Info                  DISM   API: PID=13468 TID=14316 Initialized default cancel event - DismGetOsInfoInternal
2026-10-01 09:59:17, Info                  DISM   API: PID=13468 TID=14316 Successfully enqueued command object - CCommandThread::EnqueueCommandObject
2026-10-01 09:59:17, Info                  DISM   API: PID=13468 TID=17104 ExecuteLoop: CommandQueue signaled - CCommandThread::ExecuteLoop
2026-10-01 09:59:17, Info                  DISM   API: PID=13468 TID=17104 Successfully dequeued command object - CCommandThread::DequeueCommandObject
2026-10-01 09:59:17, Info                  DISM   API: PID=13468 TID=14316 Input parameters: Session: 2, Feature: Language.TextToSpeech~~~de-DE~0.0.1.0, LimitAccess: 1, CancelEvent: 0x0000000000000DB4, Progress: 0x000001ECFD6288DC, UserData: 0x0000000000000000 - DismAddCapabilityInternal
2026-10-01 09:59:17, Info                  DISM   API: PID=13468 TID=14316 Source path 0: c:\LangRepo - DismAddCapabilityInternal
2026-10-01 09:59:17, Info                  DISM   API: PID=13468 TID=14316 Successfully enqueued command object - CCommandThread::EnqueueCommandObject
2026-10-01 09:59:17, Info                  DISM   API: PID=13468 TID=17104 ExecuteLoop: CommandQueue signaled - CCommandThread::ExecuteLoop
2026-10-01 09:59:17, Info                  DISM   API: PID=13468 TID=17104 Successfully dequeued command object - CCommandThread::DequeueCommandObject
2026-10-01 09:59:17, Info                  DISM   DISM Package Manager: PID=6708 TID=7680 Finished initializing the CbsConUI Handler. - CCbsConUIHandler::Initialize
2026-10-01 09:59:17, Info                  DISM   DISM Package Manager: PID=6708 TID=7680 CBS is being initialized for online use. More information about CBS actions can be located at: %windir%\logs\CBS\CBS.log - CDISMPackageManager::Initialize
2026-10-01 09:59:17, Info                  DISM   DISM Package Manager: PID=6708 TID=7680 Loaded servicing stack for online use. - CDISMPackageManager::CreateCbsSession
2026-10-01 09:59:17, Info                  CSI    00000001 Shim considered [l:123]'\??\C:\WINDOWS\WinSxS\amd64_microsoft-windows-servicingstack_31bf3856ad364e35_10.0.26100.9156_none_a546383f7734e5e5\wcp.dll' : got STATUS_SUCCESS
2026-10-01 09:59:19, Info                  DISM   DISM Package Manager: PID=6708 TID=15392 CBS session options=0x20100! - CDISMPackageManager::Internal_Finalize
2026-10-01 09:59:33, Info                  CSI    00000001 Shim considered [l:123]'\??\C:\WINDOWS\WinSxS\amd64_microsoft-windows-servicingstack_31bf3856ad364e35_10.0.26100.9156_none_a546383f7734e5e5\wcp.dll' : got STATUS_SUCCESS
2026-10-01 09:59:33, Info                  DISM   API: PID=13468 TID=14316 Input parameters: Session: 2 - DismCloseSessionInternal
2026-10-01 09:59:33, Info                  DISM   API: PID=13468 TID=14316 GetReferenceCount hr: 0x0 - CSessionTable::RemoveSession
2026-10-01 09:59:33, Info                  DISM   API: PID=13468 TID=14316 Refcount for DismSession= 2s 0 - CSessionTable::RemoveSession
2026-10-01 09:59:33, Info                  DISM   API: PID=13468 TID=14316 Successfully enqueued command object - CCommandThread::EnqueueCommandObject
2026-10-01 09:59:33, Info                  DISM   API: PID=13468 TID=17104 ExecuteLoop: CommandQueue signaled - CCommandThread::ExecuteLoop
2026-10-01 09:59:33, Info                  DISM   API: PID=13468 TID=17104 Successfully dequeued command object - CCommandThread::DequeueCommandObject
2026-10-01 09:59:33, Info                  DISM   API: PID=13468 TID=17104 ExecuteLoop: Cancel signaled - CCommandThread::ExecuteLoop
2026-10-01 09:59:33, Info                  DISM   API: PID=13468 TID=17104 Leave CCommandThread::ExecuteLoop - CCommandThread::ExecuteLoop
2026-10-01 09:59:33, Info                  DISM   DISM Package Manager: PID=6708 TID=15392 Finalizing CBS core. - CDISMPackageManager::Finalize
2026-10-01 09:59:33, Info                  DISM   DISM Manager: PID=13468 TID=17104 Closing session event handle 0xddc - CDISMManager::CleanupImageSessionEntry
2026-10-01 09:59:33, Info                  DISM   API: PID=13468 TID=17104 Leave CCommandThread::CommandThreadProcedureStub - CCommandThread::CommandThreadProcedureStub
2026-10-01 09:59:33, Info                  DISM   API: PID=13468 TID=14316 GetReferenceCount hr: 0x0 - CSessionTable::RemoveSession
2026-10-01 09:59:33, Info                  DISM   API: PID=13468 TID=14316 Refcount for DismSession= 1s 0 - CSessionTable::RemoveSession
2026-10-01 09:59:33, Info                  DISM   API: PID=13468 TID=14316 Successfully enqueued command object - CCommandThread::EnqueueCommandObject
2026-10-01 09:59:33, Info                  DISM   API: PID=13468 TID=17296 ExecuteLoop: CommandQueue signaled - CCommandThread::ExecuteLoop
2026-10-01 09:59:33, Info                  DISM   API: PID=13468 TID=17296 Successfully dequeued command object - CCommandThread::DequeueCommandObject
2026-10-01 09:59:33, Info                  DISM   API: PID=13468 TID=17296 ExecuteLoop: Cancel signaled - CCommandThread::ExecuteLoop
2026-10-01 09:59:33, Info                  DISM   API: PID=13468 TID=17296 Leave CCommandThread::ExecuteLoop - CCommandThread::ExecuteLoop
2026-10-01 09:59:33, Info                  DISM   API: PID=13468 TID=17296 Leave CCommandThread::CommandThreadProcedureStub - CCommandThread::CommandThreadProcedureStub
2026-10-01 09:59:33, Info                  DISM   API: PID=13468 TID=14316 Deleted g_internalDismSession - DismShutdownInternal
2026-10-01 09:59:33, Info                  DISM   API: PID=13468 TID=14316 Shutdown SessionTable - DismShutdownInternal
2026-10-01 09:59:33, Info                  DISM   API: PID=13468 TID=14316 DismApi.dll:                                          - DismShutdownInternal
2026-10-01 09:59:33, Info                  DISM   API: PID=13468 TID=14316 DismApi.dll: <----- Ending DismApi.dll session -----> - DismShutdownInternal
2026-10-01 09:59:33, Info                  DISM   API: PID=13468 TID=14316 DismApi.dll:                                          - DismShutdownInternal
2026-10-01 09:59:34, Info                  DISM   API: PID=13468 TID=14316 DismApi.dll:                                            - DismInitializeInternal
2026-10-01 09:59:34, Info                  DISM   API: PID=13468 TID=14316 DismApi.dll: <----- Starting DismApi.dll session -----> - DismInitializeInternal
2026-10-01 09:59:34, Info                  DISM   API: PID=13468 TID=14316 DismApi.dll:                                            - DismInitializeInternal
2026-10-01 09:59:34, Info                  DISM   API: PID=13468 TID=14316 DismApi.dll: Host machine information: OS Version=10.0.26100, Running architecture=amd64, Number of processors=12 - DismInitializeInternal
2026-10-01 09:59:34, Info                  DISM   API: PID=13468 TID=14316 DismApi.dll: API Version 10.0.26100.8972 - DismInitializeInternal
2026-10-01 09:59:34, Info                  DISM   API: PID=13468 TID=14316 DismApi.dll: Parent process command line: powershell  -executionpolicy bypass -file Install-LanguagePack.ps1 -repository c:\LangRepo - DismInitializeInternal
2026-10-01 09:59:34, Info                  DISM   API: PID=13468 TID=14316 Input parameters: LogLevel: 2, LogFilePath: C:\WINDOWS\Logs\LanguagePackInstaller\LanguagePackInstaller-DISM.log, ScratchDirectory: (null) - DismInitializeInternal
2026-10-01 09:59:34, Info                  DISM   Initialized Panther logging at C:\WINDOWS\Logs\LanguagePackInstaller\LanguagePackInstaller-DISM.log
2026-10-01 09:59:34, Info                  DISM   API: PID=13468 TID=14316 Initialized GlobalConfig - DismInitializeInternal
2026-10-01 09:59:34, Info                  DISM   API: PID=13468 TID=14316 Initialized SessionTable - DismInitializeInternal
2026-10-01 09:59:34, Info                  DISM   API: PID=13468 TID=14316 Lookup in table by path failed for: DummyPath-2BA51B78-C7F7-4910-B99D-BB7345357CDC - CTransactionalImageTable::LookupImagePath
2026-10-01 09:59:34, Info                  DISM   API: PID=13468 TID=14316 Waiting for m_pInternalThread to start - CCommandThread::Start
2026-10-01 09:59:34, Info                  DISM   API: PID=13468 TID=17812 Enter CCommandThread::CommandThreadProcedureStub - CCommandThread::CommandThreadProcedureStub
2026-10-01 09:59:34, Info                  DISM   API: PID=13468 TID=17812 Enter CCommandThread::ExecuteLoop - CCommandThread::ExecuteLoop
2026-10-01 09:59:34, Info                  DISM   API: PID=13468 TID=14316 CommandThread StartupEvent signaled - CCommandThread::WaitForStartup
2026-10-01 09:59:34, Info                  DISM   API: PID=13468 TID=14316 m_pInternalThread started - CCommandThread::Start
2026-10-01 09:59:34, Info                  DISM   API: PID=13468 TID=14316 Created g_internalDismSession - DismInitializeInternal
2026-10-01 09:59:34, Info                  DISM   API: PID=13468 TID=14316 Input parameters: ImagePath: DISM_{53BFAE52-B167-4E2F-A258-0A37B57FF845}, WindowsDirectory: (null), SystemDrive: (null) - DismOpenSessionInternal
2026-10-01 09:59:34, Info                  DISM   API: PID=13468 TID=14316 Lookup in table by path failed for: DRIVE_C - CTransactionalImageTable::LookupImagePath
2026-10-01 09:59:34, Info                  DISM   API: PID=13468 TID=14316 Waiting for m_pInternalThread to start - CCommandThread::Start
2026-10-01 09:59:34, Info                  DISM   API: PID=13468 TID=3808 Enter CCommandThread::CommandThreadProcedureStub - CCommandThread::CommandThreadProcedureStub
2026-10-01 09:59:34, Info                  DISM   API: PID=13468 TID=3808 Enter CCommandThread::ExecuteLoop - CCommandThread::ExecuteLoop
2026-10-01 09:59:34, Info                  DISM   API: PID=13468 TID=14316 CommandThread StartupEvent signaled - CCommandThread::WaitForStartup
2026-10-01 09:59:34, Info                  DISM   API: PID=13468 TID=14316 m_pInternalThread started - CCommandThread::Start
2026-10-01 09:59:34, Info                  DISM   API: PID=13468 TID=14316 Successfully enqueued command object - CCommandThread::EnqueueCommandObject
2026-10-01 09:59:34, Info                  DISM   API: PID=13468 TID=3808 ExecuteLoop: CommandQueue signaled - CCommandThread::ExecuteLoop
2026-10-01 09:59:34, Info                  DISM   API: PID=13468 TID=3808 Successfully dequeued command object - CCommandThread::DequeueCommandObject
2026-10-01 09:59:34, Info                  DISM   PID=13468 TID=3808 Scratch directory set to 'C:\Users\ADMINT~1\AppData\Local\Temp\'. - CDISMManager::put_ScratchDir
2026-10-01 09:59:34, Info                  DISM   PID=13468 TID=3808 DismCore.dll version: 10.0.26100.8972 - CDISMManager::FinalConstruct
2026-10-01 09:59:34, Info                  DISM   Initialized Panther logging at C:\WINDOWS\Logs\LanguagePackInstaller\LanguagePackInstaller-DISM.log
2026-10-01 09:59:34, Info                  DISM   PID=13468 TID=3808 Successfully loaded the ImageSession at "C:\WINDOWS\SYSTEM32\Dism" - CDISMManager::LoadLocalImageSession
2026-10-01 09:59:34, Info                  DISM   Initialized Panther logging at C:\WINDOWS\Logs\LanguagePackInstaller\LanguagePackInstaller-DISM.log
2026-10-01 09:59:34, Info                  DISM   DISM Provider Store: PID=13468 TID=3808 Found and Initialized the DISM Logger. - CDISMProviderStore::Internal_InitializeLogger
2026-10-01 09:59:34, Info                  DISM   Initialized Panther logging at C:\WINDOWS\Logs\LanguagePackInstaller\LanguagePackInstaller-DISM.log
2026-10-01 09:59:34, Info                  DISM   DISM Manager: PID=13468 TID=3808 Successfully created the local image session and provider store. - CDISMManager::CreateLocalImageSession
2026-10-01 09:59:34, Info                  DISM   DISM FFU Provider: PID=13468 TID=3808 [C:\] is not recognized by the DISM FFU provider. - CFfuImage::Initialize
2026-10-01 09:59:34, Info                  DISM   DISM Imaging Provider: PID=13468 TID=3808 The provider FfuManager does not support CreateDismImage on C:\ - CGenericImagingManager::CreateDismImage
2026-10-01 09:59:34, Info                  DISM   DISM VHD Provider: PID=13468 TID=3808 [C:\] is not recognized by the DISM VHD provider. - CVhdImage::Initialize
2026-10-01 09:59:34, Info                  DISM   DISM Imaging Provider: PID=13468 TID=3808 The provider VHDManager does not support CreateDismImage on C:\ - CGenericImagingManager::CreateDismImage
[13468.3808] [0x8007007b] FIOReadFileIntoBuffer:(1454): The filename, directory name, or volume label syntax is incorrect.
[13468.3808] [0xc142011c] UnmarshallImageHandleFromDirectory:(641)
[13468.3808] [0xc142011c] WIMGetMountedImageHandle:(2910)
2026-10-01 09:59:34, Info                  DISM   DISM WIM Provider: PID=13468 TID=3808 [C:\] is not a WIM mount point. - CWimMountedImageInfo::Initialize
2026-10-01 09:59:34, Info                  DISM   DISM Imaging Provider: PID=13468 TID=3808 The provider WimManager does not support CreateDismImage on C:\ - CGenericImagingManager::CreateDismImage
2026-10-01 09:59:34, Info                  DISM   DISM Imaging Provider: PID=13468 TID=3808 No imaging provider supported CreateDismImage for this path - CGenericImagingManager::CreateDismImage
[13468.3808] [0x8007007b] FIOReadFileIntoBuffer:(1454): The filename, directory name, or volume label syntax is incorrect.
[13468.3808] [0xc142011c] UnmarshallImageHandleFromDirectory:(641)
[13468.3808] [0xc142011c] WIMGetMountedImageHandle:(2910)
2026-10-01 09:59:34, Info                  DISM   DISM WIM Provider: PID=13468 TID=3808 [C:\] is not a WIM mount point. - CWimMountedImageInfo::Initialize
2026-10-01 09:59:34, Info                  DISM   DISM FFU Provider: PID=13468 TID=3808 [C:\] is not recognized by the DISM FFU provider. - CFfuImage::Initialize
2026-10-01 09:59:34, Info                  DISM   DISM VHD Provider: PID=13468 TID=3808 [C:\] is not recognized by the DISM VHD provider. - CVhdImage::Initialize
2026-10-01 09:59:34, Info                  DISM   DISM Manager: PID=13468 TID=3808 physical location path: C:\ - CDISMManager::CreateImageSession
2026-10-01 09:59:34, Info                  DISM   DISM Manager: PID=13468 TID=3808 Event name for current DISM session is Global\{139447B2-BB46-49CA-8BB6-60CAAF1CE41C} - CDISMManager::CheckSessionAndLock
2026-10-01 09:59:34, Info                  DISM   DISM Manager: PID=13468 TID=3808 Create session event 0xde0 for current DISM session and event name is Global\{139447B2-BB46-49CA-8BB6-60CAAF1CE41C}  - CDISMManager::CheckSessionAndLock
2026-10-01 09:59:34, Info                  DISM   DISM Manager: PID=13468 TID=3808 Copying DISM from "C:\Windows\System32\Dism" - CDISMManager::CreateImageSessionFromLocation
2026-10-01 09:59:34, Info                  DISM   DISM Manager: PID=13468 TID=3808 No Sandbox was created, DISM running in-place. - CDISMManager::CreateImageSessionFromLocation
2026-10-01 09:59:34, Info                  DISM   DISM Manager: PID=13468 TID=3808 Successfully loaded the ImageSession at "C:\Windows\System32\Dism" - CDISMManager::LoadRemoteImageSession
2026-10-01 09:59:34, Info                  DISM   DISM Image Session: PID=5208 TID=17272 Instantiating the Provider Store. - CDISMImageSession::get_ProviderStore
2026-10-01 09:59:34, Info                  DISM   DISM OS Provider: PID=5208 TID=17272 Defaulting SystemPath to C:\ - CDISMOSServiceManager::Final_OnConnect
2026-10-01 09:59:34, Info                  DISM   DISM OS Provider: PID=5208 TID=17272 Defaulting Windows folder to C:\Windows - CDISMOSServiceManager::Final_OnConnect
2026-10-01 09:59:34, Info                  DISM   DISM Provider Store: PID=5208 TID=17272 Attempting to initialize the logger from the Image Session. - CDISMProviderStore::Final_OnConnect
2026-10-01 09:59:34, Info                  DISM   Initialized Panther logging at C:\WINDOWS\Logs\LanguagePackInstaller\LanguagePackInstaller-DISM.log
2026-10-01 09:59:34, Info                  DISM   DISM Provider Store: PID=5208 TID=17272 Found and Initialized the DISM Logger. - CDISMProviderStore::Internal_InitializeLogger
2026-10-01 09:59:34, Info                  DISM   Initialized Panther logging at C:\WINDOWS\Logs\LanguagePackInstaller\LanguagePackInstaller-DISM.log
2026-10-01 09:59:34, Info                  DISM   Initialized Panther logging at C:\WINDOWS\Logs\LanguagePackInstaller\LanguagePackInstaller-DISM.log
2026-10-01 09:59:34, Info                  DISM   DISM Manager: PID=13468 TID=3808 Image session successfully loaded from location: C:\Windows\System32\Dism - CDISMManager::CreateImageSession
2026-10-01 09:59:34, Info                  DISM   API: PID=13468 TID=3808 Target image information: OS Version=10.0.26100.9168, Image architecture=amd64 - CDismCore::LogImageSessionDetails
2026-10-01 09:59:34, Info                  DISM   API: PID=13468 TID=14316 Session id is: 2 - DismOpenSessionInternal
2026-10-01 09:59:34, Info                  DISM   API: PID=13468 TID=14316 Input parameters: Session: 2 - DismGetOsInfoInternal
2026-10-01 09:59:34, Info                  DISM   API: PID=13468 TID=14316 Initialized default cancel event - DismGetOsInfoInternal
2026-10-01 09:59:34, Info                  DISM   API: PID=13468 TID=14316 Successfully enqueued command object - CCommandThread::EnqueueCommandObject
2026-10-01 09:59:34, Info                  DISM   API: PID=13468 TID=3808 ExecuteLoop: CommandQueue signaled - CCommandThread::ExecuteLoop
2026-10-01 09:59:34, Info                  DISM   API: PID=13468 TID=3808 Successfully dequeued command object - CCommandThread::DequeueCommandObject
2026-10-01 09:59:34, Info                  DISM   API: PID=13468 TID=14316 Input parameters: Session: 2, Feature: Language.Speech~~~de-DE~0.0.1.0, LimitAccess: 1, CancelEvent: 0x0000000000000D70, Progress: 0x000001ECFD62860C, UserData: 0x0000000000000000 - DismAddCapabilityInternal
2026-10-01 09:59:34, Info                  DISM   API: PID=13468 TID=14316 Source path 0: c:\LangRepo - DismAddCapabilityInternal
2026-10-01 09:59:34, Info                  DISM   API: PID=13468 TID=14316 Successfully enqueued command object - CCommandThread::EnqueueCommandObject
2026-10-01 09:59:34, Info                  DISM   API: PID=13468 TID=3808 ExecuteLoop: CommandQueue signaled - CCommandThread::ExecuteLoop
2026-10-01 09:59:34, Info                  DISM   API: PID=13468 TID=3808 Successfully dequeued command object - CCommandThread::DequeueCommandObject
2026-10-01 09:59:34, Info                  DISM   DISM Package Manager: PID=5208 TID=17560 Finished initializing the CbsConUI Handler. - CCbsConUIHandler::Initialize
2026-10-01 09:59:34, Info                  DISM   DISM Package Manager: PID=5208 TID=17560 CBS is being initialized for online use. More information about CBS actions can be located at: %windir%\logs\CBS\CBS.log - CDISMPackageManager::Initialize
2026-10-01 09:59:34, Info                  DISM   DISM Package Manager: PID=5208 TID=17560 Loaded servicing stack for online use. - CDISMPackageManager::CreateCbsSession
2026-10-01 09:59:34, Info                  CSI    00000001 Shim considered [l:123]'\??\C:\WINDOWS\WinSxS\amd64_microsoft-windows-servicingstack_31bf3856ad364e35_10.0.26100.9156_none_a546383f7734e5e5\wcp.dll' : got STATUS_SUCCESS
2026-10-01 09:59:36, Info                  DISM   DISM Package Manager: PID=5208 TID=17272 CBS session options=0x20100! - CDISMPackageManager::Internal_Finalize
2026-10-01 09:59:50, Info                  CSI    00000001 Shim considered [l:123]'\??\C:\WINDOWS\WinSxS\amd64_microsoft-windows-servicingstack_31bf3856ad364e35_10.0.26100.9156_none_a546383f7734e5e5\wcp.dll' : got STATUS_SUCCESS
2026-10-01 09:59:51, Info                  DISM   API: PID=13468 TID=14316 Input parameters: Session: 2 - DismCloseSessionInternal
2026-10-01 09:59:51, Info                  DISM   API: PID=13468 TID=14316 GetReferenceCount hr: 0x0 - CSessionTable::RemoveSession
2026-10-01 09:59:51, Info                  DISM   API: PID=13468 TID=14316 Refcount for DismSession= 2s 0 - CSessionTable::RemoveSession
2026-10-01 09:59:51, Info                  DISM   API: PID=13468 TID=14316 Successfully enqueued command object - CCommandThread::EnqueueCommandObject
2026-10-01 09:59:51, Info                  DISM   API: PID=13468 TID=3808 ExecuteLoop: CommandQueue signaled - CCommandThread::ExecuteLoop
2026-10-01 09:59:51, Info                  DISM   API: PID=13468 TID=3808 Successfully dequeued command object - CCommandThread::DequeueCommandObject
2026-10-01 09:59:51, Info                  DISM   API: PID=13468 TID=3808 ExecuteLoop: Cancel signaled - CCommandThread::ExecuteLoop
2026-10-01 09:59:51, Info                  DISM   API: PID=13468 TID=3808 Leave CCommandThread::ExecuteLoop - CCommandThread::ExecuteLoop
2026-10-01 09:59:51, Info                  DISM   DISM Package Manager: PID=5208 TID=17272 Finalizing CBS core. - CDISMPackageManager::Finalize
2026-10-01 09:59:51, Info                  DISM   DISM Manager: PID=13468 TID=3808 Closing session event handle 0xde0 - CDISMManager::CleanupImageSessionEntry
2026-10-01 09:59:51, Info                  DISM   API: PID=13468 TID=3808 Leave CCommandThread::CommandThreadProcedureStub - CCommandThread::CommandThreadProcedureStub
2026-10-01 09:59:51, Info                  DISM   API: PID=13468 TID=14316 GetReferenceCount hr: 0x0 - CSessionTable::RemoveSession
2026-10-01 09:59:51, Info                  DISM   API: PID=13468 TID=14316 Refcount for DismSession= 1s 0 - CSessionTable::RemoveSession
2026-10-01 09:59:51, Info                  DISM   API: PID=13468 TID=14316 Successfully enqueued command object - CCommandThread::EnqueueCommandObject
2026-10-01 09:59:51, Info                  DISM   API: PID=13468 TID=17812 ExecuteLoop: CommandQueue signaled - CCommandThread::ExecuteLoop
2026-10-01 09:59:51, Info                  DISM   API: PID=13468 TID=17812 Successfully dequeued command object - CCommandThread::DequeueCommandObject
2026-10-01 09:59:51, Info                  DISM   API: PID=13468 TID=17812 ExecuteLoop: Cancel signaled - CCommandThread::ExecuteLoop
2026-10-01 09:59:51, Info                  DISM   API: PID=13468 TID=17812 Leave CCommandThread::ExecuteLoop - CCommandThread::ExecuteLoop
2026-10-01 09:59:51, Info                  DISM   API: PID=13468 TID=17812 Leave CCommandThread::CommandThreadProcedureStub - CCommandThread::CommandThreadProcedureStub
2026-10-01 09:59:51, Info                  DISM   API: PID=13468 TID=14316 Deleted g_internalDismSession - DismShutdownInternal
2026-10-01 09:59:51, Info                  DISM   API: PID=13468 TID=14316 Shutdown SessionTable - DismShutdownInternal
2026-10-01 09:59:51, Info                  DISM   API: PID=13468 TID=14316 DismApi.dll:                                          - DismShutdownInternal
2026-10-01 09:59:51, Info                  DISM   API: PID=13468 TID=14316 DismApi.dll: <----- Ending DismApi.dll session -----> - DismShutdownInternal
2026-10-01 09:59:51, Info                  DISM   API: PID=13468 TID=14316 DismApi.dll:                                          - DismShutdownInternal
